Time,Vhcl.sRoad,Vhcl.tRoad,Vhcl.YawRate,Car.Road.Path.DevAng,Car.Road.Path.DevDist,Car.Road.Route.DevAng,Car.Road.Route.DevDist,Car.tx,Car.ty,Car.v,Car.YawRate,Car.SideSlipAngle,Car.ax,Car.ay,DM.Steer.Ang,DM.Steer.AngVel,DM.Steer.AngAcc,Steer.WhlAng,Driver.Lat.dy,DM.Brake,DM.Gas,Car.muRoadFL,Car.muRoadFR,Car.muRoadRL,Car.muRoadRR
0.0,8.399996983999952,-1.2121586720481581e-11,1.735351272402763e-11,0.0,-1.2121586720481581e-11,0.0,-1.2121586720481581e-11,7.408852577209473,0.019406098872423172,0.0,1.735351272402763e-11,0.0,7.642807759111747e-05,-1.1813251148851123e-05,0.0,0.0,0.0,7.535480563092278e-06,0.001293887384235859,0.0,0.0,1.0,1.0,1.0,1.0
0.2,8.399996379875335,-3.2577224828855833e-07,-4.1411690290260594e-06,-4.791164656126057e-07,-3.2577224828855833e-07,-4.791164656126057e-07,-3.2577224828855833e-07,7.408852577209473,0.019406838342547417,1.2929353033541702e-05,-4.1411690290260594e-06,0.0,-4.599086480538972e-07,-9.635435162635986e-06,6.009766523405041e-14,2.162947690962161e-13,-2.3479235049250757e-12,8.179020369425416e-06,0.00129472475964576,0.0,0.0,1.0,1.0,1.0,1.0
0.4,8.40000420384883,-2.2383868270026142e-07,2.210716765205234e-08,-1.028553924697917e-06,-2.2383868270026142e-07,-1.028553924697917e-06,-2.2383868270026142e-07,7.408851623535156,0.01940767653286457,2.196127206843812e-05,2.210716765205234e-08,0.0,-0.0001369948440697044,-8.627121133031324e-06,8.060430578202271e-14,2.3739980792823745e-13,1.9628148932582246e-12,5.841047368448926e-06,0.0012957099825143814,0.0,0.06787516176700592,1.0,1.0,1.0,1.0
0.6,8.400045055267341,5.7063869007834e-07,4.323269877204439e-06,-5.493533308253973e-07,5.7063869007834e-07,-5.493533308253973e-07,5.7063869007834e-07,7.408845901489258,0.019408132880926132,0.00012377547682262957,4.323269877204439e-06,0.0,-0.00014466843276750296,-6.200601546879625e-06,1.682373587229974e-13,3.660621881573095e-13,1.4406111937051436e-12,-1.1895583611476468e-06,0.00129603105597198,0.0,0.15427622199058533,1.0,1.0,1.0,1.0
0.8,8.40008827083172,1.2759413721141755e-06,2.823785962391412e-06,1.6588636242431676e-07,1.2759413721141755e-06,1.6588636242431676e-07,1.2759413721141755e-06,7.408835411071777,0.019408268854022026,0.00016480789054185152,2.823785962391412e-06,0.0,2.3403756131301634e-05,-1.2726652585115517e-06,1.9973764666964683e-13,4.518497934754423e-14,-5.353742080736745e-13,-3.842465957859531e-06,0.001295964466407895,0.0,0.20716644823551178,1.0,1.0,1.0,1.0
1.0,8.400103141612508,1.762251145009941e-06,1.3167222050469718e-06,6.090106694500719e-07,1.762251145009941e-06,6.090106694500719e-07,1.762251145009941e-06,7.408825874328613,0.019408343359827995,8.658928709337488e-05,1.3167222050469718e-06,0.0,0.00010708888294175267,-4.468259430723265e-05,2.0303988254154887e-13,5.251103676504835e-15,-2.129140180134881e-12,-2.7702694751496892e-06,0.0012959146406501532,0.0,0.21252869069576263,1.0,1.0,1.0,1.0
1.2,8.400078417098552,2.0887221126031363e-06,6.411941626538464e-07,8.299178375636984e-07,2.0887221126031363e-06,8.299178375636984e-07,2.0887221126031363e-06,7.408820152282715,0.019408397376537323,9.427538316231221e-05,6.411941626538464e-07,0.0,0.00021485594334080815,-2.7747630156227387e-05,2.0320915360572817e-13,1.0084733241851317e-16,-3.4813566587084833e-15,-3.920777658095176e-07,0.001295910682529211,0.0,0.16020847856998444,1.0,1.0,1.0,1.0
1.4000000000000001,8.401227424023865,9.291352398577146e-06,6.616426253458485e-05,7.1609943006478716e-06,9.291352398577146e-06,7.1609943006478716e-06,9.291352398577146e-06,7.409715175628662,0.019406093284487724,0.029461702331900597,6.616426253458485e-05,0.0,0.4360222816467285,-0.0010377337457612157,1.152558815531099e-13,3.950191302531936e-12,1.610737931923012e-10,-5.173698446014896e-05,0.0012920836452394724,0.0,0.11949856579303741,1.0,1.0,1.0,1.0
1.6,8.421864203134835,1.1694539352902211e-05,5.0285460019949824e-05,1.7298727470915765e-05,1.1694539352902211e-05,1.7298727470915765e-05,1.1694539352902211e-05,7.42793607711792,0.01939089410007,0.19770961999893188,5.0285460019949824e-05,0.0,1.42813241481781,1.7837886844063178e-05,-6.865721502435918e-08,-3.647414814622607e-06,-0.00012115728168282658,-7.228481263155118e-05,0.0012739995727315545,0.0,0.3085426092147827,1.0,1.0,1.0,1.0
1.8,8.49798674800643,5.401530870585702e-06,6.0187114286236465e-05,2.7710000722436234e-05,5.401530870585702e-06,2.7710000722436234e-05,5.401530870585702e-06,7.500357151031494,0.019387261942029,0.538841187953949,6.0187114286236465e-05,0.0,1.8773412704467773,0.00046689363080076873,-1.7426304111722857e-05,-0.00042737339390441775,-0.0034586999099701643,-6.11428840784356e-05,0.0012648476986214519,0.0,0.3714848458766937,1.0,1.0,1.0,1.0
2.0,8.646550917837839,1.1991245628450997e-05,0.00011151355283800513,4.4220465497346595e-05,1.1991245628450997e-05,4.4220465497346595e-05,1.1991245628450997e-05,7.646728515625,0.019402887672185898,0.9263391494750977,0.00011151355283800513,0.0,1.9757659435272217,-0.0009279118967242539,-8.745767263462767e-05,-9.853023220784962e-05,0.000438668648712337,-6.300364475464448e-05,0.0012711721938103437,0.0,0.3859822452068329,1.0,1.0,1.0,1.0
2.2,8.87290438829052,3.9365404518321157e-05,0.00016499996127095073,7.218234532047063e-05,3.9365404518321157e-05,7.218234532047063e-05,3.9365404518321157e-05,7.871907711029053,0.01939341053366661,1.3242682218551636,0.00016499996127095073,-9.168699762085453e-05,1.9973729848861694,0.0007005693623796105,-0.00041325026541016996,-0.004103942308574915,-0.027016613632440567,-0.0001323091273661703,0.0012486899504438043,0.0,0.3886168897151947,1.0,1.0,1.0,1.0
2.4,9.178666232496377,8.223378972616047e-05,0.00020177110855001956,0.00010894681327044964,8.223378972616047e-05,0.00010894681327044964,8.223378972616047e-05,8.176934242248535,0.019402991980314255,1.723992943763733,0.00020177110855001956,-4.530863952822983e-05,1.9972383975982666,0.0003444573376327753,-0.004108066204935312,-0.032974667847156525,-0.10043106228113174,-0.0002543203590903431,0.0012400745181366801,0.0,0.3889894187450409,1.0,1.0,1.0,1.0
2.6,9.564063848666407,0.00014758668839931488,0.00024049160128924996,0.00015330118185374886,0.00014758668839931488,0.00015330118185374886,0.00014758668839931488,8.561837196350098,0.01943141780793667,2.1226859092712402,0.00024049160128924996,-7.37838345230557e-05,1.9861208200454712,8.649018127471209e-05,-0.01220714021474123,-0.04903353750705719,-0.1266612708568573,-0.00040557957254350185,0.0012460278812795877,0.0,0.3901434540748596,1.0,1.0,1.0,1.0
2.8000000000000003,10.028799635415616,0.00024120844318531454,0.0002625450142659247,0.00020374635641928762,0.00024120844318531454,0.00020374635641928762,0.00024120844318531454,9.026200294494629,0.019473696127533913,2.518186092376709,0.0002625450142659247,-9.646618127590045e-05,1.9562747478485107,0.0005391581798903644,-0.02392059564590454,-0.05254727602005005,0.48957258462905884,-0.0006297498475760221,0.0012624053051695228,0.0,0.394179105758667,1.0,1.0,1.0,1.0
3.0,10.571849631368181,0.0003714131307788193,0.00028453615959733725,0.0002590813091956079,0.0003714131307788193,0.0002590813091956079,0.0003714131307788193,9.568974494934082,0.019546205177903175,2.9069631099700928,0.00028453615959733725,-0.0001018739421851933,1.9363319873809814,0.0005994794191792607,-0.03218119218945503,-0.04911128431558609,-0.11678005754947662,-0.0008564022718928754,0.0013055599993094802,0.0,0.4047990143299103,1.0,1.0,1.0,1.0
3.2,11.192354875939461,0.0005424607661552727,0.00028502120403572917,0.0003168488328810781,0.0005424607661552727,0.0003168488328810781,0.0005424607661552727,10.189190864562988,0.019659539684653282,3.2909154891967773,0.00028502120403572917,-0.00010961546649923548,1.8921689987182617,0.00044185700244270265,-0.043229397386312485,-0.0662616714835167,-0.17675121128559113,-0.001083520008251071,0.0013866173103451729,0.0,0.419822633266449,1.0,1.0,1.0,1.0
3.4,11.887468509424131,0.0007592084584757686,0.00028207898139953613,0.00037294524372555315,0.0007592084584757686,0.00037294524372555315,0.0007592084584757686,10.884263038635254,0.019819220528006554,3.6555724143981934,0.00028207898139953613,-0.00012368883471935987,1.8204686641693115,0.0005838279030285776,-0.05601264163851738,-0.06602365523576736,-0.05441398173570633,-0.001333262538537383,0.001512449700385332,0.0,0.45358213782310486,1.0,1.0,1.0,1.0
3.6,12.656633676491124,0.0010286933975294232,0.00029277565772645175,0.000431945692980662,0.0010286933975294232,0.000431945692980662,0.0010286933975294232,11.65298080444336,0.020028071478009224,4.032973289489746,0.00029277565772645175,-0.00013569468865171075,1.8970832824707031,0.0008998318226076663,-0.06913505494594574,-0.06845797598361969,-0.09867799282073975,-0.001652229460887611,0.0016845411155372858,0.0,0.47775036096572876,1.0,1.0,1.0,1.0
3.8000000000000003,13.502548762344604,0.001355067826807499,0.0002953124640043825,0.00049074727576226,0.001355067826807499,0.00049074727576226,0.001355067826807499,12.498265266418457,0.020297763869166374,4.420351982116699,0.0002953124640043825,-0.0001533085451228544,1.9689913988113403,0.0005873580230399966,-0.08265944570302963,-0.0673389732837677,-0.0612914115190506,-0.002024556277319789,0.001915103173814714,0.0,0.4916333854198456,1.0,1.0,1.0,1.0
4.0,14.42703608756873,0.0017430958105251193,0.00027379923267289996,0.0005479895044118166,0.0017430958105251193,0.0005479895044118166,0.0017430958105251193,13.422119140625,0.02062755450606346,4.817005157470703,0.00027379923267289996,-0.00017239846056327224,1.9931790828704834,0.0006759801763109863,-0.09659282863140106,-0.07097912579774857,-0.03738231584429741,-0.002423100871965289,0.0022039383184164762,0.0,0.49562668800354004,1.0,1.0,1.0,1.0
4.2,15.43109346683001,0.0021900131832808256,0.00023733700800221413,0.0005992926307953894,0.0021900131832808256,0.0005992926307953894,0.0021900131832808256,14.4256591796875,0.02102307789027691,5.216676712036133,0.00023733700800221413,-0.00018900261784438044,2.0017244815826416,0.0005262368940748274,-0.11059771478176117,-0.06863399595022202,-0.023095669224858284,-0.002852532546967268,0.0025575857143849134,0.0,0.49619531631469727,1.0,1.0,1.0,1.0
4.4,16.515139096643605,0.002691941801458597,0.00018955414998345077,0.000642174098175019,0.002691941801458597,0.000642174098175019,0.002691941801458597,15.509259223937988,0.021482983604073524,5.617427825927734,0.00018955414998345077,-0.00020610314095392823,2.0048575401306152,0.0002704520302359015,-0.12401735782623291,-0.06554414331912994,-0.020869780331850052,-0.003297014394775033,0.0029752906411886215,0.0,0.49553412199020386,1.0,1.0,1.0,1.0
4.6000000000000005,17.679352406374605,0.003240686608478427,0.00013152725296095014,0.0006744546117261052,0.003240686608478427,0.0006744546117261052,0.003240686608478427,16.67305564880371,0.0220007486641407,6.018564701080322,0.00013152725296095014,-0.00022314432135317475,2.005906105041504,-6.049788134987466e-05,-0.13679979741573334,-0.0621856190264225,-0.01697556860744953,-0.0037440918385982513,0.003451033029705286,0.0,0.49442926049232483,1.0,1.0,1.0,1.0
4.8,18.92379715080192,0.003823966486379504,6.519003363791853e-05,0.0006942566251382232,0.003823966486379504,0.0006942566251382232,0.003823966486379504,17.91709327697754,0.022565806284546852,6.419826507568359,6.519003363791853e-05,-0.00023941707331687212,2.0068819522857666,-0.0004707624902948737,-0.1488630473613739,-0.058376494795084,-0.012197133153676987,-0.0041887713596224785,0.0039746458642184734,0.0,0.49318286776542664,1.0,1.0,1.0,1.0
5.0,20.248546506158252,0.004425900522619486,-4.4260673348617274e-06,0.0007003556820563972,0.004425900522619486,0.0007003556820563972,0.004425900522619486,19.241430282592773,0.023163573816418648,6.821743011474609,-4.4260673348617274e-06,-0.00025442821788601577,2.013312816619873,-0.0009331826004199684,-0.16011306643486023,-0.05406099557876587,-0.006185244303196669,-0.0046122209168970585,0.004531783517450094,0.0,0.49137580394744873,1.0,1.0,1.0,1.0
5.2,21.653839080760584,0.005028245970606804,-7.598593947477639e-05,0.0006923800683580339,0.005028245970606804,0.0006923800683580339,0.005028245970606804,20.646289825439453,0.023776283487677574,7.224992275238037,-7.598593947477639e-05,-0.0002676723524928093,2.0178518295288086,-0.001438163802959025,-0.17045538127422333,-0.04928143322467804,-0.0001704949972918257,-0.005002813413739204,0.005104665644466877,0.0,0.48823827505111694,1.0,1.0,1.0,1.0
5.4,23.139831682389143,0.005610440857708454,-0.00014658586587756872,0.0006700886297039688,0.005610440857708454,0.0006700886297039688,0.005610440857708454,22.131858825683594,0.02438337355852127,7.628709316253662,-0.00014658586587756872,-0.0002787316625472158,2.018585443496704,-0.0019652615301311016,-0.17980104684829712,-0.044110722839832306,0.005865991115570068,-0.005340258125215769,0.005672700237482786,0.0,0.48455071449279785,1.0,1.0,1.0,1.0
5.6000000000000005,24.706558438401068,0.006150956731289625,-0.0002108387998305261,0.0006342313135974109,0.006150956731289625,0.0006342313135974109,0.006150956731289625,23.698177337646484,0.02496221475303173,8.032426834106445,-0.0002108387998305261,-0.0002871460164897144,2.018047571182251,-0.0024624906945973635,-0.18809370696544647,-0.03879804164171219,0.011165548115968704,-0.005610224790871143,0.006212953012436628,0.0,0.4808288812637329,1.0,1.0,1.0,1.0
5.8,26.35400963146956,0.006628763396292925,-0.00026400090428069234,0.0005865176790393889,0.006628763396292925,0.0005865176790393889,0.006628763396292925,25.345224380493164,0.025490297004580498,8.436031341552734,-0.00026400090428069234,-0.00029248525970615447,2.0182106494903564,-0.0029084975831210613,-0.19533255696296692,-0.03360496833920479,0.016920985653996468,-0.00580212427303195,0.006702312268316746,0.0,0.4774474799633026,1.0,1.0,1.0,1.0
6.0,28.08216898143066,0.00702557060867548,-0.00030353490728884935,0.0005295652663335204,0.00702557060867548,0.0005295652663335204,0.00702557060867548,27.072982788085938,0.02594646066427231,8.839367866516113,-0.00030353490728884935,-0.00029506097780540586,2.0138440132141113,-0.0032564245630055666,-0.20154258608818054,-0.02857997827231884,0.02016390860080719,-0.005908916238695383,0.007118788547813892,0.0,0.4741820991039276,1.0,1.0,1.0,1.0
6.2,29.8908484345712,0.007326340768486261,-0.0003271404711995274,0.0004661717975977808,0.007326340768486261,0.0004661717975977808,0.007326340768486261,28.88127899169922,0.02631244622170925,9.241366386413574,-0.0003271404711995274,-0.0002948172332253307,2.0068295001983643,-0.003476131008937955,-0.2067859172821045,-0.023966288194060326,0.022789983078837395,-0.005925165023654699,0.007443280424922705,0.0,0.4722552001476288,1.0,1.0,1.0,1.0
6.4,31.77982026073848,0.007521315477788448,-0.00032967067090794444,0.0004001354973297566,0.007521315477788448,0.0004001354973297566,0.007521315477788448,30.769872665405273,0.02657460980117321,9.642477035522461,-0.00032967067090794444,-0.00029216057737357914,2.0043082237243652,-0.003525692969560623,-0.2111697494983673,-0.01998879201710224,0.0241848137229681,-0.005856167990714312,0.007661021314561367,0.0,0.47117751836776733,1.0,1.0,1.0,1.0
6.6000000000000005,33.74886410657509,0.007607302628457546,-0.00031844634213484824,0.00033513206290081143,0.007607302628457546,0.00033513206290081143,0.007607302628457546,32.738548278808594,0.02672596462070942,10.041657447814941,-0.00031844634213484824,-0.00028723952709697187,1.9849107265472412,-0.0034006081987172365,-0.21480007469654083,-0.016414549201726913,0.026769302785396576,-0.005707475356757641,0.007763943634927273,0.0,0.4717662036418915,1.0,1.0,1.0,1.0
6.8,35.79728664147765,0.007586610037833452,-0.0002898554957937449,0.00027384620625525713,0.007586610037833452,0.00027384620625525713,0.007586610037833452,34.786651611328125,0.02676587924361229,10.436894416809082,-0.0002898554957937449,-0.0002803827228490263,1.970192313194275,-0.003139552427455783,-0.21780863404273987,-0.013818031176924706,0.024439409375190735,-0.005488452967256308,0.007750663906335831,0.0,0.4761814773082733,1.0,1.0,1.0,1.0
7.0,37.92457865513957,0.007469325326383114,-0.0002388185093877837,0.0002206800418207422,0.007469325326383114,0.0002206800418207422,0.007469325326383114,36.91360092163086,0.026700429618358612,10.830537796020508,-0.0002388185093877837,-0.00027294064057059586,1.9653985500335693,-0.0026703299954533577,-0.22038932144641876,-0.012095227837562561,0.024657420814037323,-0.005223297048360109,0.007626025006175041,0.0,0.4824232757091522,1.0,1.0,1.0,1.0
7.2,40.10525383043456,0.007197772618383169,-0.0012734486954286695,6.669817230431363e-05,0.007197772618383169,6.669817230431363e-05,0.007197772618383169,39.098628997802734,0.026570551097393036,10.920313835144043,-0.0012734486954286695,-0.000154719571582973,-0.13067995011806488,-0.008620824664831161,-0.2185770720243454,-0.0022864260245114565,0.7687350511550903,-0.004085936583578587,0.00746182631701231,0.0,0.0,1.0,1.0,1.0,1.0
7.4,42.281595475598145,0.006672864314168692,-0.0007901951903477311,-0.0001341094757663086,0.006672864314168692,-0.0001341094757663086,0.006672864314168692,41.280029296875,0.02624617889523506,10.895467758178711,-0.0007901951903477311,-5.5136028095148504e-05,0.5782025456428528,-0.008355476893484592,-0.21653199195861816,0.00019418755255173892,-1.1219215393066406,-0.003323421347886324,0.007116371765732765,0.0,0.0,1.0,1.0,1.0,1.0
7.6000000000000005,44.49062233856191,0.006074076984077692,0.00012144442735007033,-0.0001516624033683911,0.006074076984077692,-0.0001516624033683911,0.006074076984077692,43.485416412353516,0.025703513994812965,11.138153076171875,0.00012144442735007033,-0.00013690210471395403,1.551789402961731,-0.005996453110128641,-0.2184196561574936,-0.003435798455029726,0.2251664400100708,-0.0032952306792140007,0.006499036215245724,0.0,0.6407507658004761,1.0,1.0,1.0,1.0
7.8,46.7544765555596,0.005445441696792841,0.00020426182891242206,-0.00010579883382888511,0.005445441696792841,-0.00010579883382888511,0.005445441696792841,45.74534225463867,0.02499534748494625,11.45865535736084,0.00020426182891242206,-0.0002116504911100492,1.6154731512069702,0.000914918549824506,-0.21813134849071503,-0.0035937440115958452,-0.019291849806904793,-0.0031211322639137506,0.005698684137314558,0.0,0.6489996314048767,1.0,1.0,1.0,1.0
8.0,49.08093042063272,0.0048273345455527306,0.0002644808846525848,-6.17251789662987e-05,0.0048273345455527306,-6.17251789662987e-05,0.0048273345455527306,48.070404052734375,0.024300694465637207,11.794792175292969,0.0002644808846525848,-0.00021142844343557954,1.7473763227462769,0.0036615042481571436,-0.2194955199956894,-0.010242560878396034,-0.0186427291482687,-0.002718638628721237,0.00490906136110425,0.0,0.6986203789710999,1.0,1.0,1.0,1.0
8.2,51.47671569301476,0.00432729534804821,0.00039521147846244276,4.344586159277242e-06,0.00432729534804821,4.344586159277242e-06,0.00432729534804821,50.46529006958008,0.02373545430600643,12.155930519104004,0.00039521147846244276,-0.0002026485453825444,1.8569005727767944,0.004473146516829729,-0.2221960425376892,-0.015876177698373795,-0.010863740928471088,-0.002466534962877631,0.0042386180721223354,0.0,0.7346637845039368,1.0,1.0,1.0,1.0
8.4,53.946529777710694,0.004024288151413202,0.00048114234232343733,9.312949259765446e-05,0.004024288151413202,9.312949259765446e-05,0.004024288151413202,52.934326171875,0.02334696240723133,12.534814834594727,0.00048114234232343733,-0.00021026893227826804,1.9263007640838623,0.004940836690366268,-0.22580084204673767,-0.01999092660844326,-0.02332187630236149,-0.0024509395007044077,0.003736293874680996,0.0,0.754814624786377,1.0,1.0,1.0,1.0
8.6,56.49318736745019,0.003939650021493435,0.000475302484119311,0.00019019503088202327,0.003939650021493435,0.00019019503088202327,0.003939650021493435,55.480323791503906,0.023160476237535477,12.924612045288086,0.000475302484119311,-0.00022093145526014268,1.9680060148239136,0.0052507794462144375,-0.23015311360359192,-0.023306500166654587,-0.026348676532506943,-0.002660802798345685,0.0034321185667067766,0.0,0.764532208442688,1.0,1.0,1.0,1.0
8.8,59.118434910807665,0.004059919621795416,0.0004082781379111111,0.0002791534352581948,0.004059919621795416,0.0002791534352581948,0.004059919621795416,58.10499572753906,0.023191846907138824,13.320944786071777,0.0004082781379111111,-0.00022820827143732458,1.9928768873214722,0.004621868021786213,-0.2350069135427475,-0.02495449222624302,-0.026241905987262726,-0.0030049197375774384,0.0033464382868260145,0.0,0.7679265141487122,1.0,1.0,1.0,1.0
9.0,61.82331019866151,0.0043601300567388535,0.00031753015355207026,0.00035204889718443155,0.0043601300567388535,0.00035204889718443155,0.0043601300567388535,60.809356689453125,0.023424264043569565,13.721166610717773,0.00031753015355207026,-0.00023566353775095195,2.0079023838043213,0.003448368515819311,-0.2400393784046173,-0.0252008568495512,-0.023406976833939552,-0.003404211951419711,0.003465347457677126,0.0,0.7677616477012634,1.0,1.0,1.0,1.0
9.200000000000001,64.60837259198748,0.004800849594175816,0.00020312047854531556,0.0004049863782711327,0.004800849594175816,0.0004049863782711327,0.004800849594175816,63.593963623046875,0.02381819300353527,14.122122764587402,0.00020312047854531556,-0.00024260846839752048,1.9797817468643188,0.002178710186854005,-0.24498653411865234,-0.02372274547815323,-0.008919455111026764,-0.0038094287738204002,0.003751283511519432,0.0,0.7506425976753235,1.0,1.0,1.0,1.0
9.4,67.47180079267852,0.005323716439306736,1.5316143617383204e-05,0.0004278550040908158,0.005323716439306736,0.0004278550040908158,0.005323716439306736,66.45726776123047,0.02432442083954811,14.503434181213379,1.5316143617383204e-05,-0.00024118182773236185,1.8127305507659912,0.0005557070253416896,-0.24931250512599945,-0.0195718165487051,0.012910825200378895,-0.004136367700994015,0.004158717580139637,0.0,0.6870543360710144,1.0,1.0,1.0,1.0
9.6,70.40693239177115,0.00584987411275506,-0.00018902252486441284,0.0004105770494788885,0.00584987411275506,0.0004105770494788885,0.00584987411275506,69.39283752441406,0.024875791743397713,14.842293739318848,-0.00018902252486441284,-0.00022641808027401567,1.5662989616394043,-0.0015862374566495419,-0.25266239047050476,-0.013862394727766514,0.023260362446308136,-0.004317356739193201,0.00462440587580204,0.0,0.6016624569892883,1.0,1.0,1.0,1.0
9.8,73.40426430373866,0.0062949163839221,-0.0003531134861987084,0.0003552105335984379,0.0062949163839221,0.0003552105335984379,0.0062949163839221,72.39099884033203,0.02538597211241722,15.128902435302734,-0.0003531134861987084,-0.00020270649110898376,1.2985460758209229,-0.0036408649757504463,-0.25483250617980957,-0.007969215512275696,0.036419857293367386,-0.004322864580899477,0.005062764976173639,0.0,0.5142511129379272,1.0,1.0,1.0,1.0
10.0,76.45345683485782,0.006589130964130163,-0.00045555425458587706,0.0002733733563218266,0.006589130964130163,0.0002733733563218266,0.006589130964130163,75.44114685058594,0.025769943371415138,15.362956047058105,-0.00045555425458587706,-0.00017604947788640857,1.0448333024978638,-0.005113120656460524,-0.2558523416519165,-0.0024441767018288374,0.04434817284345627,-0.004151212051510811,0.005386963952332735,0.0,0.4356059432029724,1.0,1.0,1.0,1.0
10.200000000000001,79.54459168697886,0.006683721672743559,-0.0004881498753093183,0.00017788838886190206,0.006683721672743559,0.00017788838886190206,0.006683721672743559,78.53318786621094,0.025964582338929176,15.549097061157227,-0.0004881498753093183,-0.00014921819092705846,0.8210614323616028,-0.005761648993939161,-0.2559199035167694,0.0017646547639742494,0.051925770938396454,-0.003811590140685439,0.00553155830129981,0.0,0.36938488483428955,1.0,1.0,1.0,1.0
10.4,82.66880719924247,0.006563177332282066,-0.00046477795694954693,8.146026084432378e-05,0.006563177332282066,8.146026084432378e-05,0.006563177332282066,81.65819549560547,0.025939572602510452,15.693997383117676,-0.00046477795694954693,-0.000124228055938147,0.6332288384437561,-0.005561433732509613,-0.25526338815689087,0.0043251411989331245,0.04713087156414986,-0.003334727603942156,0.005463920067995787,0.0,0.3160521388053894,1.0,1.0,1.0,1.0
10.6,85.81860586439373,0.006243211682885885,-0.0003843978338409215,-4.068598173034843e-06,0.006243211682885885,-4.068598173034843e-06,0.006243211682885885,84.80865478515625,0.025699444115161896,15.80492877960205,-0.0003843978338409215,-0.0001023152144625783,0.4812711179256439,-0.004602018743753433,-0.2542741298675537,0.005338776390999556,0.04349584877490997,-0.0027812037151306868,0.005186332389712334,0.0,0.27436232566833496,1.0,1.0,1.0,1.0
10.8,88.98788340009558,0.005765416659414768,-0.0002759387425612658,-7.048649422358721e-05,0.005765416659414768,-7.048649422358721e-05,0.005765416659414768,87.97845458984375,0.025279857218265533,15.888689994812012,-0.0002759387425612658,-8.388779679080471e-05,0.36118993163108826,-0.003170410869643092,-0.25323644280433655,0.004934307187795639,0.039517153054475784,-0.002212124178186059,0.004733127076178789,0.0,0.24247726798057556,1.0,1.0,1.0,1.0
11.0,92.1718046709868,0.0051863109692931175,-0.00016425129433628172,-0.0001144280395237729,0.0051863109692931175,-0.0001144280395237729,0.0051863109692931175,91.16278839111328,0.024735813960433006,15.951223373413086,-0.00016425129433628172,-6.914525147294626e-05,0.26799580454826355,-0.0016441402258351445,-0.25234436988830566,0.0038648133631795645,0.030495846644043922,-0.0016850989777594805,0.004159410949796438,0.0,0.21845903992652893,1.0,1.0,1.0,1.0
11.200000000000001,95.36661784291525,0.004563622176647186,-6.065813795430586e-05,-0.0001366958604194224,0.004563622176647186,-0.0001366958604194224,0.004563622176647186,94.35791778564453,0.024127008393406868,15.997491836547852,-6.065813795430586e-05,-5.761675492976792e-05,0.19725358486175537,-0.000221435577259399,-0.2517271637916565,0.002282028552144766,0.021973902359604836,-0.001235667965374887,0.0035261947195976973,0.0,0.2005254328250885,1.0,1.0,1.0,1.0
11.4,98.5694561561633,0.003950163722038269,2.445528662065044e-05,-0.0001399700267938897,0.003950163722038269,-0.0001399700267938897,0.003950163722038269,97.56099700927734,0.023509478196501732,16.031352996826172,2.445528662065044e-05,-4.8897309170570225e-05,0.14379893243312836,0.0009583987412042916,-0.251449316740036,0.0004867860407102853,0.013554666191339493,-0.0008855639025568962,0.0028913936112076044,0.0,0.187303826212883,1.0,1.0,1.0,1.0
11.6,101.77815360305013,0.0033877785317599773,8.655085548525676e-05,-0.0001284512982238084,0.0033877785317599773,-0.0001284512982238084,0.0033877785317599773,100.7698745727539,0.022929837927222252,16.055988311767578,8.655085548525676e-05,-4.245021045790054e-05,0.10434485971927643,0.0018077726708725095,-0.25152894854545593,-0.0012681317748501897,0.006142808124423027,-0.0006430666544474661,0.0023039693478494883,0.0,0.17755229771137238,1.0,1.0,1.0,1.0
11.8,104.99110626240376,0.0029048353899270296,0.00012362917186692357,-0.00010701244173105806,0.0029048353899270296,-0.00010701244173105806,0.0029048353899270296,103.98296356201172,0.02242164872586727,16.073801040649414,0.00012362917186692357,-3.779510370804928e-05,0.07490480691194534,0.002294340869411826,-0.25193750858306885,-0.002793511375784874,0.0005187750793993473,-0.0005004044505767524,0.0018000405980274081,0.0,0.17035184800624847,1.0,1.0,1.0,1.0
12.0,108.20711355660661,0.002515605418011546,0.00013712768850382417,-8.056441583903506e-05,0.002515605418011546,-8.056441583903506e-05,0.002515605418011546,107.1990737915039,0.02200409397482872,16.086471557617188,0.00013712768850382417,-3.446433038334362e-05,0.05286343768239021,0.0024317980278283358,-0.25261828303337097,-0.004003066103905439,-0.0036775139160454273,-0.000447343714768067,0.0014013657346367836,0.0,0.1651233434677124,1.0,1.0,1.0,1.0
12.200000000000001,111.42528125160548,0.002221393398940563,0.00013176226639188826,-5.337971379049122e-05,0.002221393398940563,-5.337971379049122e-05,0.002221393398940563,110.41731262207031,0.02168257348239422,16.09537124633789,0.00013176226639188826,-3.2169275073101744e-05,0.0369311198592186,0.0022785922046750784,-0.2535037398338318,-0.0048515452072024345,-0.006244915071874857,-0.00046264828415587544,0.0011157919652760029,0.0,0.16134360432624817,1.0,1.0,1.0,1.0
12.4,114.64496117988105,0.002013193443417549,0.00011225324124097824,-2.875828431569971e-05,0.002013193443417549,-2.875828431569971e-05,0.002013193443417549,113.63704681396484,0.021450992673635483,16.101551055908203,0.00011225324124097824,-3.06979964079801e-05,0.02543565072119236,0.0019143307581543922,-0.2545226812362671,-0.005356067791581154,-0.007479964289814234,-0.000527858326677233,0.0009394104708917439,0.0,0.1586148887872696,1.0,1.0,1.0,1.0
12.6,117.8656842705475,0.0018746393034234643,8.376557525480166e-05,-9.022929589264095e-06,0.0018746393034234643,-9.022929589264095e-06,0.0018746393034234643,116.8578109741211,0.021294862031936646,16.105772018432617,8.376557525480166e-05,-2.9811075364705175e-05,0.017174923792481422,0.0014202952152118087,-0.25561049580574036,-0.005561829544603825,-0.007601614110171795,-0.0006218631751835346,0.0008596309344284236,0.0,0.1566530466079712,1.0,1.0,1.0,1.0
12.8,121.08711303886355,0.0017852624878287315,5.1303868531249464e-05,4.543024260783568e-06,0.0017852624878287315,4.543024260783568e-06,0.0017852624878287315,120.07926177978516,0.0211945790797472,16.10858726501465,5.1303868531249464e-05,-2.9316222935449332e-05,0.011279948987066746,0.0008734991424717009,-0.2567150890827179,-0.005542952101677656,-0.006967394612729549,-0.0007267894106917083,0.0008584997267462313,0.0,0.15525232255458832,1.0,1.0,1.0,1.0
13.0,124.3090066033034,0.0017233605030924082,1.896200774353929e-05,1.1571804861887358e-05,0.0017233605030924082,1.1571804861887358e-05,0.0017233605030924082,123.30117797851562,0.021128444001078606,16.110403060913086,1.896200774353929e-05,-2.9078351872158237e-05,0.007116282824426889,0.000336126540787518,-0.25779861211776733,-0.005369588732719421,-0.005854642949998379,-0.0008303446229547262,0.0009157112799584866,0.0,0.15426227450370789,1.0,1.0,1.0,1.0
13.200000000000001,127.53119476249152,0.0016682470450177789,-1.0244220902677625e-05,1.2403335858834907e-05,0.0016682470450177789,1.2403335858834907e-05,0.0016682470450177789,126.52338409423828,0.021075136959552765,16.111520767211914,-1.0244220902677625e-05,-2.89959461952094e-05,0.004216971341520548,-0.0001446325477445498,-0.25883761048316956,-0.005111899692565203,-0.004538896959275007,-0.0009201023494824767,0.001011136919260025,0.0,0.1535721868276596,1.0,1.0,1.0,1.0
13.4,130.7535588632367,0.0016018887981772423,-3.4505294024711475e-05,7.873838512750808e-06,0.0016018887981772423,7.873838512750808e-06,0.0016018887981772423,129.74575805664062,0.021015595644712448,16.112154006958008,-3.4505294024711475e-05,-2.8998196285101585e-05,0.002236537868157029,-0.0005410969024524093,-0.25982147455215454,-0.004828973673284054,-0.0032271731179207563,-0.0009948862716555595,0.0011267925146967173,0.0,0.15310019254684448,1.0,1.0,1.0,1.0
13.6,133.97601770346319,0.0015097304712980986,-5.2869956562062725e-05,-9.337825872535177e-07,0.0015097304712980986,-9.337825872535177e-07,0.0015097304712980986,132.9682159423828,0.020934073254466057,16.11246109008789,-5.2869956562062725e-05,-2.9029572033323348e-05,0.0009192652069032192,-0.0008400782244279981,-0.260749876499176,-0.004565123934298754,-0.002042665844783187,-0.0010471793357282877,0.0012479652650654316,0.0,0.15278568863868713,1.0,1.0,1.0,1.0
13.8,137.1985171219227,0.0013811631361022592,-6.536964065162465e-05,-1.2813265129807405e-05,0.0013811631361022592,-1.2813265129807405e-05,0.0013811631361022592,136.1907196044922,0.020818719640374184,16.1125545501709,-6.536964065162465e-05,-2.9067123250570148e-05,7.574429764645174e-05,-0.0010417189914733171,-0.2616305649280548,-0.004356495104730129,-0.0011225322959944606,-0.001082827104255557,0.001363796298392117,0.0,0.15258380770683289,1.0,1.0,1.0,1.0
14.0,140.42102229402016,0.0012092236429452896,-7.251831993926316e-05,-2.6652502128854394e-05,0.0012092236429452896,-2.6652502128854394e-05,0.0012092236429452896,139.41323852539062,0.02066149190068245,16.11251449584961,-7.251831993926316e-05,-2.908821807068307e-05,-0.0004337446589488536,-0.001157211372628808,-0.2624756395816803,-0.004213038366287947,-0.00043054932029917836,-0.001099635032005608,0.0014672898687422276,0.0,0.15246139466762543,1.0,1.0,1.0,1.0
14.200000000000001,143.64351204061455,0.00099026074167341,-7.530275615863502e-05,-4.146178616792895e-05,0.00099026074167341,-4.146178616792895e-05,0.00099026074167341,142.63572692871094,0.020457809790968895,16.112396240234375,-7.530275615863502e-05,-2.9092630938976072e-05,-0.0007120828377082944,-0.0012004354503005743,-0.2633000314235687,-0.0041519394144415855,-5.9990783483954147e-05,-0.0011041872203350067,0.0015549721429124475,0.0,0.15239405632019043,1.0,1.0,1.0,1.0
14.4,146.865974640854,0.000723142409697175,-7.489367271773517e-05,-5.649230661219917e-05,0.000723142409697175,-5.649230661219917e-05,0.000723142409697175,145.85818481445312,0.020205888897180557,16.112239837646484,-7.489367271773517e-05,-2.9079037631163374e-05,-0.0008343274239450693,-0.0011931449407711625,-0.264118492603302,-0.004157999996095896,0.0001142506007454358,-0.001099170884117484,0.0016262317076325417,0.0,0.15236398577690125,1.0,1.0,1.0,1.0
14.6,150.0884047745078,0.0004085677501279861,-7.244115113280714e-05,-7.121561066014692e-05,0.0004085677501279861,-7.121561066014692e-05,0.0004085677501279861,149.08062744140625,0.019905993714928627,16.112070083618164,-7.244115113280714e-05,-2.9053851903881878e-05,-0.0008553384686820209,-0.0011521647684276104,-0.2649446129798889,-0.004230536986142397,6.121886690380052e-05,-0.0010880035115405917,0.00168258894700557,0.0,0.1523580551147461,1.0,1.0,1.0,1.0
14.8,153.31080123635712,4.8302856157533824e-05,-6.905564077896997e-05,-8.533532673027366e-05,4.8302856157533824e-05,-8.533532673027366e-05,4.8302856157533824e-05,152.3030242919922,0.019559688866138458,16.111902236938477,-6.905564077896997e-05,-2.902436062868219e-05,-0.0008192633977159858,-0.0010969011345878243,-0.265789657831192,-0.00435185432434082,-0.00012623274233192205,-0.0010765732731670141,0.0017269407398998737,0.0,0.15236593782901764,1.0,1.0,1.0,1.0
15.0,156.53316531777753,-0.00035548899904824793,-6.5556654590182e-05,-9.875633259071037e-05,-0.00035548899904824793,-9.875633259071037e-05,-0.00035548899904824793,155.525390625,0.019169116392731667,16.111745834350586,-6.5556654590182e-05,-2.8995340471738018e-05,-0.0007418927852995694,-0.0010395196732133627,-0.2666624188423157,-0.00451080035418272,-0.00041199882980436087,-0.0010629432508721948,0.0017628258792683482,0.0,0.15238377451896667,1.0,1.0,1.0,1.0
15.200000000000001,159.75549995499813,-0.000800690904725343,-6.267846038099378e-05,-0.00011151667422382161,-0.000800690904725343,-0.00011151667422382161,-0.000800690904725343,158.74771118164062,0.01873650960624218,16.11160659790039,-6.267846038099378e-05,-2.8972859581699595e-05,-0.0006447110208682716,-0.00099248718470335,-0.26756924390792847,-0.0046945312060415745,-0.0007343064062297344,-0.00105610943865031,0.0017939067911356688,0.0,0.15240643918514252,1.0,1.0,1.0,1.0
15.4,162.9778089090327,-0.0012857223628088832,-6.0712442063959315e-05,-0.0001237981632584706,-0.0012857223628088832,-0.0001237981632584706,-0.0012857223628088832,161.97003173828125,0.018263675272464752,16.111486434936523,-6.0712442063959315e-05,-2.895849320339039e-05,-0.0005420921370387077,-0.000961615180131048,-0.268513560295105,-0.004890060052275658,-0.001056260778568685,-0.0010488292900845408,0.0018234567251056433,0.0,0.1524304747581482,1.0,1.0,1.0,1.0
15.6,166.2000961925748,-0.0018095761770382524,-6.002743248245679e-05,-0.00013579476217273623,-0.0018095761770382524,-0.00013579476217273623,-0.0018095761770382524,165.1923065185547,0.017751825973391533,16.11138916015625,-6.002743248245679e-05,-2.8964856028323993e-05,-0.0004436201706994325,-0.0009497411083430052,-0.26949799060821533,-0.005098654422909021,-0.0014062896370887756,-0.0010500936768949032,0.0018541637109592557,0.0,0.15245364606380463,1.0,1.0,1.0,1.0
15.8,169.42236569140235,-0.0023721689358353615,-6.058648432372138e-05,-0.00014779034245293587,-0.0023721689358353615,-0.00014779034245293587,-0.0023721689358353615,168.41458129882812,0.01720135286450386,16.111309051513672,-6.058648432372138e-05,-2.897913691413123e-05,-0.0003540279867593199,-0.0009598181350156665,-0.2705230712890625,-0.005301725585013628,-0.0016525110695511103,-0.0010526352562010288,0.0018880418501794338,0.0,0.15247474610805511,1.0,1.0,1.0,1.0
16.0,172.64462095791995,-0.002974114380776882,-6.236214539967477e-05,-0.00016001176845747977,-0.002974114380776882,-0.00016001176845747977,-0.002974114380776882,171.6368408203125,0.0166118573397398,16.11124610900879,-6.236214539967477e-05,-2.9009543141000904e-05,-0.00027558242436498404,-0.0009872236987575889,-0.27158913016319275,-0.005514969117939472,-0.0019652419723570347,-0.0010608583688735962,0.0019265117589384317,0.0,0.15249328315258026,1.0,1.0,1.0,1.0
16.2,175.8668651146183,-0.0036168445367366076,-6.523274350911379e-05,-0.00017270502576138824,-0.0036168445367366076,-0.00017270502576138824,-0.0036168445367366076,174.8590850830078,0.01598215103149414,16.11119842529297,-6.523274350911379e-05,-2.904997563746292e-05,-0.0002088898472720757,-0.0010337838903069496,-0.27269643545150757,-0.0057255276478827,-0.0021805742289870977,-0.0010720806894823909,0.0019702259451150894,0.0,0.15250904858112335,1.0,1.0,1.0,1.0
16.4,179.08910082272564,-0.004302404820919037,-6.900411244714633e-05,-0.00018606112280394882,-0.004302404820919037,-0.00018606112280394882,-0.004302404820919037,178.08131408691406,0.01531036477535963,16.111162185668945,-6.900411244714633e-05,-2.910150033130776e-05,-0.0001536700438009575,-0.0010933716548606753,-0.27384597063064575,-0.005945497192442417,-0.0024174212012439966,-0.0010851292172446847,0.002019378822296858,0.0,0.15252213180065155,1.0,1.0,1.0,1.0
16.6,182.31133028973372,-0.005033401772379875,-7.358127186307684e-05,-0.00020024929835926741,-0.005033401772379875,-0.00020024929835926741,-0.005033401772379875,181.3035430908203,0.01459404919296503,16.111135482788086,-7.358127186307684e-05,-2.916223274951335e-05,-0.00010912313155131415,-0.0011663563782349229,-0.27503880858421326,-0.006174763664603233,-0.002685713116079569,-0.0011030728928744793,0.0020740944892168045,0.0,0.15253271162509918,1.0,1.0,1.0,1.0
16.8,185.53355530026485,-0.005812941584736109,-7.875330629758537e-05,-0.00021541821479331702,-0.005812941584736109,-0.00021541821479331702,-0.005812941584736109,184.52577209472656,0.01383023802191019,16.11111831665039,-7.875330629758537e-05,-2.9227154300315306e-05,-7.392410043394193e-05,-0.0012485480401664972,-0.27627941966056824,-0.006436236668378115,-0.0030000500846654177,-0.0011185624171048403,0.002134042326360941,0.0,0.15254105627536774,1.0,1.0,1.0,1.0
17.0,188.75577726353734,-0.006644447799772024,-8.46419861773029e-05,-0.0002316700847586617,-0.006644447799772024,-0.0002316700847586617,-0.006644447799772024,187.7480010986328,0.01301560364663601,16.11110496520996,-8.46419861773029e-05,-2.9304970666998997e-05,-4.6959587052697316e-05,-0.001341708586551249,-0.27757441997528076,-0.006730327382683754,-0.0033417539671063423,-0.001142542460002005,0.0021988251246511936,0.0,0.15254749357700348,1.0,1.0,1.0,1.0
17.2,191.97799726408024,-0.007531922776252031,-9.112370753427967e-05,-0.00024917410337366164,-0.007531922776252031,-0.00024917410337366164,-0.007531922776252031,190.97021484375,0.012146326713263988,16.111099243164062,-9.112370753427967e-05,-2.9382414140854962e-05,-2.667606713657733e-05,-0.0014455902855843306,-0.2789302468299866,-0.007064107805490494,-0.0038089861627668142,-0.0011621189769357443,0.002268473617732525,0.0,0.1525523066520691,1.0,1.0,1.0,1.0
17.400000000000002,195.20021611377354,-0.00847965944558382,-9.85245278570801e-05,-0.0002680345205590129,-0.00847965944558382,-0.0002680345205590129,-0.00847965944558382,194.1924285888672,0.011218218132853508,16.111095428466797,-9.85245278570801e-05,-2.9478263968485408e-05,-1.2080842680006754e-05,-0.0015617819735780358,-0.280359148979187,-0.007481022737920284,-0.0044904169626533985,-0.0011915472568944097,0.0023427936248481274,0.0,0.15255580842494965,1.0,1.0,1.0,1.0
17.6,198.42243440145333,-0.009492752142250538,-0.00010696158278733492,-0.00028849008958786726,-0.009492752142250538,-0.00028849008958786726,-0.009492752142250538,197.41465759277344,0.010226458311080933,16.111093521118164,-0.00010696158278733492,-2.9579005058621988e-05,-1.798068637981487e-06,-0.001697637839242816,-0.28187552094459534,-0.007960000075399876,-0.005107696633785963,-0.0012197628384456038,0.002421637764200568,0.0,0.15255826711654663,1.0,1.0,1.0,1.0
17.8,201.64465253559675,-0.01057691965252161,-0.00011686729703797027,-0.0003107543452642858,-0.01057691965252161,-0.0003107543452642858,-0.01057691965252161,200.63687133789062,0.009165558032691479,16.111093521118164,-0.00011686729703797027,-2.9702367100981064e-05,4.961246759194182e-06,-0.0018527989741414785,-0.28349411487579346,-0.008533651009202003,-0.006055987905710936,-0.0012563453055918217,0.0025067131500691175,0.0,0.15255990624427795,1.0,1.0,1.0,1.0
18.0,204.86687078480205,-0.011739038862287998,-0.00012863516167271882,-0.00033518459531478584,-0.011739038862287998,-0.00033518459531478584,-0.011739038862287998,203.8590850830078,0.008029045537114143,16.111095428466797,-0.00012863516167271882,-2.984357524837833e-05,9.163497452391312e-06,-0.0020406232215464115,-0.2852321267127991,-0.009197832085192204,-0.007052795961499214,-0.0012986831134185195,0.002599401166662574,0.0,0.15256091952323914,1.0,1.0,1.0,1.0
18.2,208.0890893095168,-0.012987182475626469,-0.00014259322779253125,-0.00036216789158061147,-0.012987182475626469,-0.00036216789158061147,-0.012987182475626469,207.08131408691406,0.006809263955801725,16.11109733581543,-0.00014259322779253125,-3.001232471433468e-05,1.1476467989268713e-05,-0.0022605268750339746,-0.28711023926734924,-0.00997275672852993,-0.008176907896995544,-0.0013466759119182825,0.0027007281314581633,0.0,0.1525614857673645,1.0,1.0,1.0,1.0
18.400000000000002,211.31130819073965,-0.014330970123410225,-0.00015928719949442893,-0.00039219175232574344,-0.014330970123410225,-0.00039219175232574344,-0.014330970123410225,210.30352783203125,0.005497125908732414,16.111099243164062,-0.00015928719949442893,-3.0214479920687154e-05,1.2346848961897194e-05,-0.002525188960134983,-0.2891465723514557,-0.010835708118975163,-0.009381447918713093,-0.0014096847735345364,0.0028146926779299974,0.0,0.1525617390871048,1.0,1.0,1.0,1.0
18.6,214.5335274507859,-0.01578187756240368,-0.00017884460976347327,-0.0004258380795363337,-0.01578187756240368,-0.0004258380795363337,-0.01578187756240368,213.52574157714844,0.0040817721746861935,16.111103057861328,-0.00017884460976347327,-3.0446419259533286e-05,1.2515498383436352e-05,-0.002835144754499197,-0.2913603186607361,-0.01180637814104557,-0.01071267668157816,-0.0014723152853548527,0.0029450131114572287,0.0,0.15256176888942719,1.0,1.0,1.0,1.0
18.8,217.75574707414776,-0.01735313981771469,-0.00020184200548101217,-0.0004636721278075129,-0.01735313981771469,-0.0004636721278075129,-0.01735313981771469,216.7479705810547,0.0025505530647933483,16.11110496520996,-0.00020184200548101217,-3.072998151765205e-05,1.1951306987612043e-05,-0.0031992143485695124,-0.29377299547195435,-0.012879177927970886,-0.012025505304336548,-0.0015620250487700105,0.003094201674684882,0.0,0.15256169438362122,1.0,1.0,1.0,1.0
19.0,220.97796702080032,-0.019060485064983368,-0.00022798664576839656,-0.0005064505385234952,-0.019060485064983368,-0.0005064505385234952,-0.019060485064983368,219.97018432617188,0.0008885398856364191,16.111106872558594,-0.00022798664576839656,-3.103450217167847e-05,1.133935984398704e-05,-0.003616961417719722,-0.2964017689228058,-0.014032796956598759,-0.013272146694362164,-0.001645596930757165,0.0032669014763087034,0.0,0.15256153047084808,1.0,1.0,1.0,1.0
19.2,224.20018723205558,-0.020921356976032257,-0.0002578523999545723,-0.000554741476662457,-0.020921356976032257,-0.000554741476662457,-0.020921356976032257,223.19241333007812,-0.0009211600408889353,16.111108779907227,-0.0002578523999545723,-3.140468106721528e-05,1.020135277940426e-05,-0.004088087007403374,-0.29926565289497375,-0.015297711826860905,-0.014722690917551517,-0.0017596788238734007,0.003467695787549019,0.0,0.15256133675575256,1.0,1.0,1.0,1.0
19.400000000000002,227.42240763917417,-0.02295597456395626,-0.0002909767790697515,-0.0006093696574680507,-0.02295597456395626,-0.0006093696574680507,-0.02295597456395626,226.4146270751953,-0.00289789866656065,16.11111068725586,-0.0002909767790697515,-3.1792977097211406e-05,9.326912731921766e-06,-0.0046201166696846485,-0.3023805022239685,-0.016615435481071472,-0.015778997913002968,-0.0018706354312598705,0.0036991045344620943,0.0,0.15256112813949585,1.0,1.0,1.0,1.0
19.6,230.64462816531037,-0.025186235085129738,-0.00032738811569288373,-0.0006708926521241665,-0.025186235085129738,-0.0006708926521241665,-0.025186235085129738,229.63685607910156,-0.005063059274107218,16.111112594604492,-0.00032738811569288373,-3.223531166440807e-05,8.26222913019592e-06,-0.005193447694182396,-0.3057631850242615,-0.018052900210022926,-0.01703072525560856,-0.0020009619183838367,0.003964846488088369,0.0,0.15256094932556152,1.0,1.0,1.0,1.0
19.8,233.86684873248504,-0.027636446058750153,-0.00036693172296509147,-0.0007400235044769943,-0.027636446058750153,-0.0007400235044769943,-0.027636446058750153,232.85906982421875,-0.007440218236297369,16.111114501953125,-0.00036693172296509147,-3.2707976060919464e-05,7.415471827698639e-06,-0.005825563333928585,-0.30941683053970337,-0.019399328157305717,-0.017005424946546555,-0.0021387445740401745,0.004268459510058165,0.0,0.1525607854127884,1.0,1.0,1.0,1.0
20.0,237.0890692589995,-0.03033245913684368,-0.0004086169647052884,-0.0008172556990757585,-0.03033245913684368,-0.0008172556990757585,-0.03033245913684368,236.081298828125,-0.010054810903966427,16.111116409301758,-0.0004086169647052884,-3.320856558275409e-05,6.68284565108479e-06,-0.00648411363363266,-0.3133231997489929,-0.020662855356931686,-0.0170196071267128,-0.002276448532938957,0.0046116989105939865,0.0,0.15256063640117645,1.0,1.0,1.0,1.0
20.2,240.31128966406774,-0.03330123797059059,-0.00045129857608117163,-0.0009029050706885755,-0.03330123797059059,-0.0009029050706885755,-0.03330123797059059,239.30352783203125,-0.012933572754263878,16.11111831665039,-0.00045129857608117163,-3.371985076228157e-05,5.7701518016983755e-06,-0.007162487134337425,-0.3174605071544647,-0.021802065894007683,-0.016454968601465225,-0.002429698593914509,0.004996661562472582,0.0,0.1525605171918869,1.0,1.0,1.0,1.0
20.400000000000002,243.5335098666115,-0.0365699864923954,-0.0004927054978907108,-0.000997003517113626,-0.0365699864923954,-0.000997003517113626,-0.0365699864923954,242.52574157714844,-0.016103826463222504,16.11111831665039,-0.0004927054978907108,-3.42105413437821e-05,5.375078671931988e-06,-0.00782071053981781,-0.3217988908290863,-0.022704141214489937,-0.014404993504285812,-0.0025508259423077106,0.005426109302788973,0.0,0.15256039798259735,1.0,1.0,1.0,1.0
20.6,246.7557297901854,-0.040164265781641006,-0.0005315935122780502,-0.0010990247828885913,-0.040164265781641006,-0.0010990247828885913,-0.040164265781641006,245.7479705810547,-0.019591858610510826,16.111120223999023,-0.0005315935122780502,-3.4700533433351666e-05,4.357234502094798e-06,-0.008436898700892925,-0.32628193497657776,-0.023290080949664116,-0.012050500139594078,-0.002696622395887971,0.005903272889554501,0.0,0.152560293674469,1.0,1.0,1.0,1.0
20.8,249.97794936133263,-0.04410794749855995,-0.0005642368923872709,-0.0012083406327292323,-0.04410794749855995,-0.0012083406327292323,-0.04410794749855995,248.97018432617188,-0.02342233806848526,16.111120223999023,-0.0005642368923872709,-3.5072189348284155e-05,4.0123459257301874e-06,-0.008962253108620644,-0.3308509588241577,-0.023613402619957924,-0.009800350293517113,-0.0027815536595880985,0.006422353442758322,0.0,0.15256017446517944,1.0,1.0,1.0,1.0
21.0,253.20016851342095,-0.04841957986354828,-0.0005892722983844578,-0.001323309144936502,-0.04841957986354828,-0.001323309144936502,-0.04841957986354828,252.19241333007812,-0.02761574648320675,16.111122131347656,-0.0005892722983844578,-3.5406668757786974e-05,2.9016623557254206e-06,-0.009354997426271439,-0.33545437455177307,-0.0234890915453434,-0.003645089454948902,-0.0028731604106724262,0.006970531307160854,0.0,0.1525600552558899,1.0,1.0,1.0,1.0
21.2,256.4223871902448,-0.05311296880245209,-0.000603091495577246,-0.0014423211105167866,-0.05311296880245209,-0.0014423211105167866,-0.05311296880245209,255.4146270751953,-0.03218768909573555,16.111122131347656,-0.000603091495577246,-3.556629962986335e-05,2.287634288222762e-06,-0.00958520919084549,-0.33995670080184937,-0.022590437904000282,0.002913364442065358,-0.002897800412029028,0.007539058569818735,0.0,0.15255989134311676,1.0,1.0,1.0,1.0
21.400000000000002,259.6446053487611,-0.05819307267665863,-0.0006021487643010914,-0.0015626320382580161,-0.05819307267665863,-0.0015626320382580161,-0.05819307267665863,258.6368408203125,-0.03714625909924507,16.111122131347656,-0.0006021487643010914,-3.5569511965150014e-05,1.1043943004551693e-06,-0.009563611820340157,-0.3442254364490509,-0.02115144208073616,0.006568637676537037,-0.0028806631453335285,0.008113361895084381,0.0,0.15255968272686005,1.0,1.0,1.0,1.0
21.6,262.8668230083914,-0.06365489214658737,-0.0005823782412335277,-0.0016810030210763216,-0.06365489214658737,-0.0016810030210763216,-0.06365489214658737,261.85906982421875,-0.04248999059200287,16.111122131347656,-0.0005823782412335277,-3.532527625793591e-05,-2.690449036890641e-07,-0.009255043230950832,-0.3482186794281006,-0.019282909110188484,0.024758493527770042,-0.0027908680494874716,0.008670713752508163,0.0,0.15255938470363617,1.0,1.0,1.0,1.0
21.8,266.0890401948978,-0.06947928667068481,-0.0005370167200453579,-0.0017929921159520745,-0.06947928667068481,-0.0017929921159520745,-0.06947928667068481,265.081298828125,-0.048204854130744934,16.111122131347656,-0.0005370167200453579,-3.4821645385818556e-05,-1.7676741208560998e-06,-0.00854331161826849,-0.3513844907283783,-0.011720199137926102,0.07229465246200562,-0.0025986707769334316,0.00919912476092577,0.0,0.15255896747112274,1.0,1.0,1.0,1.0
22.0,269.31125701155526,-0.07562451809644699,-0.0004399061144795269,-0.0018913251115009189,-0.07562451809644699,-0.0018913251115009189,-0.07562451809644699,268.3034973144531,-0.05425826460123062,16.111122131347656,-0.0004399061144795269,-3.3605421776883304e-05,-4.519488811638439e-06,-0.0070263599045574665,-0.35214370489120483,0.006825486198067665,0.1690465807914734,-0.00218752259388566,0.009680655784904957,0.0,0.15255826711654663,1.0,1.0,1.0,1.0
22.2,272.533473833844,-0.081999272108078,-0.0002263460773974657,-0.0019599117804318666,-0.081999272108078,-0.0019599117804318666,-0.081999272108078,271.5257263183594,-0.060579780489206314,16.111120223999023,-0.0002263460773974657,-3.086514334427193e-05,-1.0507354090805165e-05,-0.0037038770969957113,-0.34743067622184753,0.046225033700466156,0.33985039591789246,-0.0013214885257184505,0.0100906016305089,0.0,0.15255697071552277,1.0,1.0,1.0,1.0
22.400000000000002,275.75569150456704,-0.08840937912464142,0.00022033102868590504,-0.0019651008769869804,-0.08840937912464142,-0.0019651008769869804,-0.08840937912464142,274.7479553222656,-0.06701789796352386,16.111116409301758,0.00022033102868590504,-2.507764656911604e-05,-2.0482939362409525e-05,0.003376967739313841,-0.3331926763057709,0.07486072927713394,-0.5785945653915405,0.000549719319678843,0.010475843213498592,0.0,0.1525544673204422,1.0,1.0,1.0,1.0
22.6,278.9779110513371,-0.0945039764046669,0.0009145081276074052,-0.0018556277500465512,-0.0945039764046669,-0.0018556277500465512,-0.0945039764046669,277.97015380859375,-0.07327456027269363,16.111108779907227,0.0009145081276074052,-1.632402927498333e-05,-3.8901536754565313e-05,0.014279764145612717,-0.3228099048137665,0.08016443252563477,0.6094831228256226,0.0030050405766814947,0.010931876488029957,0.0,0.1525508612394333,1.0,1.0,1.0,1.0
22.8,282.20013302773566,-0.09983108937740326,0.0016290668863803148,-0.0016020346665754914,-0.09983108937740326,-0.0016020346665754914,-0.09983108937740326,281.1923828125,-0.07892411202192307,16.111099243164062,0.0016290668863803148,-1.2115602658013813e-05,-4.692819857154973e-05,0.02558206394314766,-0.2949365973472595,0.233205184340477,1.6184287071228027,0.00559079647064209,0.011073374189436436,0.0,0.1525481641292572,1.0,1.0,1.0,1.0
23.0,285.4223581503469,-0.10385511070489883,0.0026789528783410788,-0.0011800514766946435,-0.10385511070489883,-0.0011800514766946435,-0.10385511070489883,284.4145812988281,-0.08347444981336594,16.111083984375,0.0026789528783410788,-3.6311125768406782e-06,-7.449666009051725e-05,0.041264474391937256,-0.17936454713344574,1.0771586894989014,5.4785027503967285,0.010204941965639591,0.009511512704193592,0.0,0.1525447815656662,1.0,1.0,1.0,1.0
23.2,288.6445921472533,-0.10525847971439362,0.006413391791284084,-0.00033182764309458435,-0.10525847971439362,-0.00033182764309458435,-0.10525847971439362,287.6368103027344,-0.08601789176464081,16.111045837402344,0.006413391791284084,4.792926847585477e-05,-0.00023867364507168531,0.0977538675069809,0.17650584876537323,2.8492918014526367,15.692959785461426,0.028099561110138893,0.003479164093732834,0.0,0.15252922475337982,1.0,1.0,1.0,1.0
23.400000000000002,291.8668406002627,-0.09989244490861893,0.01674475707113743,0.001859772950410843,-0.09989244490861893,0.001859772950410843,-0.09989244490861893,290.8590087890625,-0.08375921100378036,16.110918045043945,0.01674475707113743,0.00011788678239099681,-0.0009141655173152685,0.2539593279361725,1.425968885421753,9.161149978637695,21.55118179321289,0.07408110797405243,-0.010444601066410542,0.0,0.15249720215797424,1.0,1.0,1.0,1.0
23.6,295.08903027616344,-0.08031615614891052,0.02973022311925888,0.006547215860337019,-0.08031615614891052,0.006547215860337019,-0.08031615614891052,294.08111572265625,-0.07031384855508804,16.110633850097656,0.02973022311925888,0.00017442686657886952,-0.0017663163598626852,0.4658515453338623,3.6893093585968018,14.385854721069336,34.3494758605957,0.12176830321550369,-0.041971344500780106,0.0,0.15251410007476807,1.0,1.0,1.0,1.0
23.8,298.31095062740343,-0.03924049809575081,0.03813962638378143,0.013558322563767433,-0.03924049809575081,0.013558322563767433,-0.03924049809575081,297.30303955078125,-0.03756064921617508,16.1102237701416,0.03813962638378143,0.0001789688685676083,-0.001958573469892144,0.6113570928573608,7.077430725097656,19.091135025024414,15.719468116760254,0.145771786570549,-0.13044846057891846,0.0,0.15264223515987396,1.0,1.0,1.0,1.0
24.0,301.5323723961949,0.026554057374596596,0.04293215274810791,0.02151639573276043,0.026554057374596596,0.02151639573276043,0.026554057374596596,300.5245361328125,0.019791074097156525,16.109773635864258,0.04293215274810791,0.0005225460627116263,-0.003260616445913911,0.7814541459083557,10.237290382385254,0.0,0.0,0.16623950004577637,-0.333427369594574,0.0,0.1528511494398117,1.0,1.0,1.0,1.0
24.2,304.75296632364774,0.12311460822820663,0.0535845011472702,0.031186962500214577,0.12311460822820663,0.031186962500214577,0.12311460822820663,303.7452392578125,0.10689826309680939,16.109230041503906,0.0535845011472702,0.0008213287219405174,-0.0033493468072265387,0.8371724486351013,10.237290382385254,0.0,0.0,0.1922159343957901,-0.6636393070220947,0.0,0.15308870375156403,1.0,1.0,1.0,1.0
24.400000000000002,307.9721977293207,0.2562248408794403,0.06009618937969208,0.04263538494706154,0.2562248408794403,0.04263538494706154,0.2562248408794403,306.9647521972656,0.22783330082893372,16.10871124267578,0.06009618937969208,0.0005218350561335683,-0.003030764637514949,0.9535925984382629,10.237290382385254,0.0,0.0,0.20887327194213867,-1.0345377922058105,0.0,0.15338212251663208,1.0,1.0,1.0,1.0
24.6,311.1895254719901,0.42747244238853455,0.060299355536699295,0.05477721989154816,0.42747244238853455,0.05477721989154816,0.42747244238853455,310.1825256347656,0.3864649832248688,16.108366012573242,0.060299355536699295,0.00044547885772772133,-0.0014419258804991841,0.9767538905143738,10.237290382385254,0.0,0.0,0.2020425945520401,-1.333548903465271,0.0,0.15368959307670593,1.0,1.0,1.0,1.0
24.8,314.40466870151306,0.6351818442344666,0.05169011652469635,0.0661354809999466,0.6351818442344666,0.0661354809999466,0.6351818442344666,313.3981628417969,0.5831676125526428,16.108442306518555,0.05169011652469635,0.00037062313640490174,0.001451703137718141,0.8363508582115173,10.237290382385254,0.0,0.0,0.15999409556388855,-1.4424207210540771,0.0,0.15386947989463806,1.0,1.0,1.0,1.0
25.0,317.61794246398546,0.8712091445922852,0.031730085611343384,0.07466679811477661,0.8712091445922852,0.07466679811477661,0.8712091445922852,316.61175537109375,0.811974287033081,16.109127044677734,0.031730085611343384,0.00019235572835896164,0.00453746085986495,0.5147407650947571,10.237290382385254,0.0,0.0,0.07825449109077454,-1.2376689910888672,0.0,0.15384922921657562,1.0,1.0,1.0,1.0
25.2,320.8305943732453,1.1169734001159668,-0.019696218892931938,0.07706166803836823,1.1169734001159668,0.07706166803836823,1.1169734001159668,319.8242492675781,1.058427095413208,16.110130310058594,-0.019696218892931938,-0.0007562241517007351,0.0016972608864307404,-0.362284392118454,10.210173606872559,-2.6756415367126465,-174.5329132080078,-0.17791226506233215,-0.6205369234085083,0.0,0.153874009847641,1.0,1.0,1.0,1.0
25.400000000000002,324.04556674046046,1.3273108005523682,-0.09779331088066101,0.06492658704519272,1.3273108005523682,0.06492658704519272,1.3273108005523682,323.0380554199219,1.2882715463638306,16.109739303588867,-0.09779331088066101,-0.0005521109560504556,-0.007847611792385578,-1.4530638456344604,6.545053958892822,-26.1799373626709,0.0,-0.4004743993282318,0.3099097013473511,0.0,0.15487170219421387,1.0,1.0,1.0,1.0
25.6,327.2632049384862,1.4731274843215942,-0.1226048618555069,0.042439717799425125,1.4731274843215942,0.042439717799425125,1.4731274843215942,326.255126953125,1.4613102674484253,16.10788917541504,-0.1226048618555069,-0.000165256904438138,-0.012610376812517643,-2.0082218647003174,1.3090661764144897,-26.1799373626709,0.0,-0.46284395456314087,1.336459994316101,0.0,0.15640129148960114,1.0,1.0,1.0,1.0
25.8,330.4827590788447,1.5396806001663208,-0.13568246364593506,0.016528993844985962,1.5396806001663208,0.016528993844985962,1.5396806001663208,329.4750061035156,1.5551949739456177,16.105670928955078,-0.13568246364593506,-0.00048008462181314826,-0.010791264474391937,-2.185026168823242,-3.9269213676452637,-26.1799373626709,1.9539925233402755e-10,-0.4942581057548523,2.28898024559021,0.0,0.15820926427841187,1.0,1.0,1.0,1.0
26.0,333.70275098598296,1.5189369916915894,-0.13674119114875793,-0.010926163755357265,1.5189369916915894,-0.010926163755357265,1.5189369916915894,332.6958923339844,1.5624157190322876,16.104501724243164,-0.13674119114875793,-0.00024833425413817167,-0.0025249577593058348,-2.1852786540985107,-9.162908554077148,-26.1799373626709,-1.1368683772161603e-09,-0.4750663638114929,2.996309757232666,0.0,0.15952956676483154,1.0,1.0,1.0,1.0
26.2,336.92119411230067,1.4141031503677368,-0.1253368854522705,-0.03728187084197998,1.4141031503677368,-0.03728187084197998,1.4141031503677368,335.9156799316406,1.482447624206543,16.104496002197266,-0.1253368854522705,-0.00055426120525226,0.005605375859886408,-2.036588191986084,-10.000627517700195,3.43050217628479,47.65694046020508,-0.3984737992286682,3.2167651653289795,0.0,0.16014891862869263,1.0,1.0,1.0,1.0
26.400000000000002,340.1368573872966,1.2345211505889893,-0.09680788218975067,-0.059716932475566864,1.2345211505889893,-0.059716932475566864,1.2345211505889893,339.13275146484375,1.3226985931396484,16.106708526611328,-0.09680788218975067,-0.0004429137916304171,0.015145420096814632,-1.5783401727676392,-7.974262237548828,17.924213409423828,84.36458587646484,-0.2729061543941498,2.729048728942871,0.0,0.15957315266132355,1.0,1.0,1.0,1.0
26.6,343.3499479441299,1.001735806465149,-0.056209202855825424,-0.0751395970582962,1.001735806465149,-0.0751395970582962,1.001735806465149,342.3468017578125,1.1016117334365845,16.110185623168945,-0.056209202855825424,-0.0004774100088980049,0.018561918288469315,-0.9171056747436523,-3.159435749053955,26.1799373626709,0.0,-0.1208655834197998,1.7812392711639404,0.0,0.15792006254196167,1.0,1.0,1.0,1.0
26.8,346.5618413055218,0.7421368956565857,-0.010599165223538876,-0.0820290818810463,0.7421368956565857,-0.0820290818810463,0.7421368956565857,345.5589599609375,0.8450071811676025,16.113506317138672,-0.010599165223538876,-5.590668661170639e-05,0.013358017429709435,-0.09831631928682327,2.076551914215088,26.1799373626709,-1.9539925233402755e-10,0.07180976122617722,0.6609758138656616,0.0,0.15585921704769135,1.0,1.0,1.0,1.0
27.0,349.7754098287235,0.4959503412246704,0.07022398710250854,-0.07645870000123978,0.4959503412246704,-0.07645870000123978,0.4959503412246704,348.771484375,0.5874664187431335,16.114368438720703,0.07022398710250854,0.0010187197476625443,-0.009194768033921719,1.1458942890167236,7.312539577484131,26.1799373626709,-2.4868995751603507e-10,0.3718097507953644,-0.4217967092990875,0.0,0.15444415807724,1.0,1.0,1.0,1.0
27.2,352.99258040270996,0.30522453784942627,0.1071845069527626,-0.05726552754640579,0.30522453784942627,-0.05726552754640579,0.30522453784942627,351.98699951171875,0.3730027973651886,16.11244773864746,0.1071845069527626,0.0004759101720992476,-0.011005276814103127,1.7510968446731567,10.016372680664062,-4.873996734619141,-54.84904861450195,0.3615521788597107,-1.2376346588134766,0.0,0.15471598505973816,1.0,1.0,1.0,1.0
27.400000000000002,356.21239506460216,0.17694495618343353,0.09807359427213669,-0.036495327949523926,0.17694495618343353,-0.036495327949523926,0.17694495618343353,355.2058410644531,0.22478336095809937,16.11087417602539,0.09807359427213669,0.0006468402571044862,-0.0047784470953047276,1.59553861618042,7.777777671813965,-19.742172241210938,-105.84614562988281,0.2950558066368103,-1.4949289560317993,0.0,0.1553509533405304,1.0,1.0,1.0,1.0
27.6,359.4341187743403,0.1059369370341301,0.07313571125268936,-0.01918097585439682,0.1059369370341301,-0.01918097585439682,0.1059369370341301,358.42681884765625,0.13892455399036407,16.11107063293457,0.07313571125268936,0.0005837026401422918,0.005055151879787445,1.161427617073059,2.734966278076172,-26.1799373626709,0.0,0.1862778514623642,-1.0969038009643555,0.0,0.1553691029548645,1.0,1.0,1.0,1.0
27.8,362.65660830006914,0.07275305688381195,0.02754596248269081,-0.00840827263891697,0.07275305688381195,-0.00840827263891697,0.07275305688381195,361.64892578125,0.09804882854223251,16.112760543823242,0.02754596248269081,-0.00016790631343610585,0.009911542758345604,0.37453505396842957,-2.501021385192871,-26.1799373626709,1.9539925233402755e-10,-0.027328234165906906,-0.3278599977493286,0.0,0.15482422709465027,1.0,1.0,1.0,1.0
28.0,365.87916110704913,0.03485053777694702,-0.05621489882469177,-0.011149932630360126,0.03485053777694702,-0.011149932630360126,0.03485053777694702,364.87152099609375,0.06903689354658127,16.11420249938965,-0.05621489882469177,-0.0008462489931844175,0.0021023245062679052,-0.8596563339233398,-7.737009048461914,-26.1799373626709,2.4868995751603507e-10,-0.2807875871658325,0.5495622754096985,0.0,0.15466399490833282,1.0,1.0,1.0,1.0
28.2,369.1006328321185,-0.04295934736728668,-0.07865995168685913,-0.02558807097375393,-0.04295934736728668,-0.02558807097375393,-0.04295934736728668,368.0937805175781,0.009378806687891483,16.114171981811523,-0.07865995168685913,-0.0003987467789556831,-0.0019419961608946323,-1.3172967433929443,-9.966374397277832,4.304790496826172,36.629764556884766,-0.2678300738334656,1.3005706071853638,0.0,0.15474079549312592,1.0,1.0,1.0,1.0
28.400000000000002,372.32050592744434,-0.16663798689842224,-0.07103020697832108,-0.04074984788894653,-0.16663798689842224,-0.04074984788894653,-0.16663798689842224,371.314697265625,-0.10019837319850922,16.11383628845215,-0.07103020697832108,-0.0007282853475771844,-0.0004540006339084357,-1.1528857946395874,-7.847940444946289,19.041181564331055,112.71524047851562,-0.20892466604709625,1.6649398803710938,0.0,0.154697448015213,1.0,1.0,1.0,1.0
28.6,375.5389221603391,-0.33099615573883057,-0.04851805046200752,-0.05291277542710304,-0.33099615573883057,-0.05291277542710304,-0.33099615573883057,374.53375244140625,-0.25478196144104004,16.114253997802734,-0.04851805046200752,-0.0005603977479040623,0.003855794668197632,-0.7452042698860168,-2.839128017425537,26.1799373626709,0.0,-0.10389675199985504,1.3673430681228638,0.0,0.15418130159378052,1.0,1.0,1.0,1.0
28.8,378.75656262598204,-0.5152698755264282,0.005205804947763681,-0.058256518095731735,-0.5152698755264282,-0.058256518095731735,-0.5152698755264282,377.75152587890625,-0.43710896372795105,16.114891052246094,0.005205804947763681,0.0005259473691694438,-0.00039275758899748325,0.13867375254631042,2.396859645843506,26.1799373626709,-1.9539925233402755e-10,0.14494967460632324,0.5371479988098145,0.0,0.15315629541873932,1.0,1.0,1.0,1.0
29.0,381.9758002427823,-0.6727955341339111,0.09091175347566605,-0.048647210001945496,-0.6727955341339111,-0.048647210001945496,-0.6727955341339111,380.9696960449219,-0.6108616590499878,16.11322784423828,0.09091175347566605,0.0010471433633938432,-0.01829548366367817,1.4111331701278687,7.632847309112549,26.1799373626709,-2.4868995751603507e-10,0.40258699655532837,-0.511745035648346,0.0,0.15287020802497864,1.0,1.0,1.0,1.0
29.2,385.1967986945126,-0.7665029764175415,0.1230257973074913,-0.026461759582161903,-0.7665029764175415,-0.026461759582161903,-0.7665029764175415,384.1896667480469,-0.73094642162323,16.109365463256836,0.1230257973074913,0.0006059948937036097,-0.020905932411551476,2.0016181468963623,10.045621871948242,0.7915757298469543,88.6799545288086,0.4317290782928467,-1.5387893915176392,0.0,0.1542164385318756,1.0,1.0,1.0,1.0
29.400000000000002,388.4183117451541,-0.7832759022712708,0.1257668435573578,-0.0013030859408900142,-0.7832759022712708,-0.0013030859408900142,-0.7832759022712708,387.41082763671875,-0.7733626961708069,16.106050491333008,0.1257668435573578,0.0004755578120239079,-0.012506057508289814,1.998023271560669,10.236310005187988,0.0,0.0,0.41086694598197937,-2.3209445476531982,0.0,0.1559329479932785,1.0,1.0,1.0,1.0
29.6,391.6390811531175,-0.723403811454773,0.11035415530204773,0.02254006266593933,-0.723403811454773,0.02254006266593933,-0.723403811454773,390.631591796875,-0.7366889715194702,16.104846954345703,0.11035415530204773,0.00027850124752148986,-0.0007511340663768351,1.7922254800796509,9.886258125305176,-8.220369338989258,-102.89717864990234,0.3369210958480835,-2.5610411167144775,0.0,0.15695317089557648,1.0,1.0,1.0,1.0
29.8,394.85811076446913,-0.5993683934211731,0.08269447833299637,0.04199208691716194,-0.5993683934211731,0.04199208691716194,-0.5993683934211731,393.8507995605469,-0.6294661164283752,16.105791091918945,0.08269447833299637,0.0005928684258833528,0.009555860422551632,1.3589718341827393,6.279483318328857,-26.1799373626709,-2.4868995751603507e-10,0.21856963634490967,-2.0568244457244873,0.0,0.1570909321308136,1.0,1.0,1.0,1.0
30.0,398.07544748801905,-0.4302457869052887,0.043731894344091415,0.054770637303590775,-0.4302457869052887,0.054770637303590775,-0.4302457869052887,397.0682067871094,-0.46956849098205566,16.1085205078125,0.043731894344091415,0.0003778118116315454,0.015166987664997578,0.6833379864692688,1.0434956550598145,-26.1799373626709,2.8421709430404007e-11,0.07440352439880371,-1.1153351068496704,0.0,0.1564081758260727,1.0,1.0,1.0,1.0
30.2,401.29233721580124,-0.24617096781730652,-0.018808560445904732,0.05813675746321678,-0.24617096781730652,0.05813675746321678,-0.24617096781730652,400.284912109375,-0.28449392318725586,16.11144256591797,-0.018808560445904732,-0.0006245785625651479,0.00945462379604578,-0.3484198749065399,-4.1924920082092285,-26.1799373626709,2.4868995751603507e-10,-0.19506216049194336,-0.022824063897132874,0.0,0.15559986233711243,1.0,1.0,1.0,1.0
30.400000000000002,404.51097626544083,-0.09608659148216248,-0.09474198520183563,0.046027977019548416,-0.09608659148216248,0.046027977019548416,-0.09608659148216248,403.50286865234375,-0.11562012135982513,16.11223030090332,-0.09474198520183563,-0.0006794473738409579,-0.0009581053163856268,-1.4000227451324463,-9.428479194641113,-26.1799373626709,0.0,-0.36717408895492554,0.9960616230964661,0.0,0.15586839616298676,1.0,1.0,1.0,1.0
30.6,407.7312608409307,-0.0044052479788661,-0.10331162065267563,0.02562510035932064,-0.0044052479788661,0.02562510035932064,-0.0044052479788661,406.7231750488281,-0.0017537032254040241,16.111520767211914,-0.10331162065267563,-0.0005510852206498384,-0.00381997087970376,-1.6799105405807495,-9.639503479003906,6.802722930908203,55.923892974853516,-0.33818483352661133,1.6872934103012085,0.0,0.15636046230793,1.0,1.0,1.0,1.0
30.8,410.9528018954384,0.025516141206026077,-0.08901083469390869,0.006128889508545399,0.025516141206026077,0.006128889508545399,0.025516141206026077,409.9450378417969,0.0462399423122406,16.11139678955078,-0.08901083469390869,-0.0006189531995914876,0.00228234869427979,-1.4475480318069458,-6.813379764556885,24.384387969970703,133.25527954101562,-0.2578502595424652,1.7353256940841675,0.0,0.15641263127326965,1.0,1.0,1.0,1.0
31.0,414.17489879354997,0.004547568503767252,-0.05974588170647621,-0.009013460017740726,0.004547568503767252,-0.009013460017740726,0.004547568503767252,413.1673889160156,0.03776884451508522,16.112611770629883,-0.05974588170647621,-0.0004575511848088354,0.00840516947209835,-0.9450079202651978,-1.6401959657669067,26.1799373626709,-2.8421709430404007e-11,-0.13761062920093536,1.149693250656128,0.0,0.15567663311958313,1.0,1.0,1.0,1.0
31.2,417.39719338457803,-0.043586406856775284,-0.004671998787671328,-0.016382290050387383,-0.043586406856775284,-0.016382290050387383,-0.043586406856775284,416.3897705078125,-0.006644784938544035,16.11422348022461,-0.004671998787671328,0.0003973192360717803,0.005327030550688505,-0.027399037033319473,3.5957915782928467,26.1799373626709,1.9539925233402755e-10,0.11018440127372742,0.2514060437679291,0.0,0.15427912771701813,1.0,1.0,1.0,1.0
31.400000000000002,420.62012965235243,-0.072071872651577,0.07682512700557709,-0.008840023539960384,-0.072071872651577,-0.008840023539960384,-0.072071872651577,419.6123352050781,-0.049314625561237335,16.113821029663086,0.07682512700557709,0.000710492895450443,-0.007839950732886791,1.1293575763702393,8.831779479980469,26.1799373626709,0.0,0.32349666953086853,-0.7052015066146851,0.0,0.1534910947084427,1.0,1.0,1.0,1.0
31.6,423.84270825836904,-0.050679080188274384,0.09242187440395355,0.008841659873723984,-0.050679080188274384,0.008841659873723984,-0.050679080188274384,422.8348693847656,-0.048387397080659866,16.111982345581055,0.09242187440395355,0.00047492049634456635,-0.00984638649970293,1.5216305255889893,10.035500526428223,-3.01408052444458,-40.75728988647461,0.31138283014297485,-1.4847906827926636,0.0,0.1539400964975357,1.0,1.0,1.0,1.0
31.8,427.06414687755483,0.026229901239275932,0.08253113925457001,0.02666916698217392,0.026229901239275932,0.02666916698217392,0.026229901239275932,426.0565185546875,0.011665815487504005,16.110692977905273,0.08253113925457001,0.0006205410463735461,-0.003628999460488558,1.3481056690216064,8.15369701385498,-17.683652877807617,-107.44993591308594,0.24642422795295715,-1.8106186389923096,0.0,0.15448635816574097,1.0,1.0,1.0,1.0
32.0,430.2842019242785,0.15067946910858154,0.05715077742934227,0.04095785692334175,0.15067946910858154,0.04095785692334175,0.15067946910858154,429.27667236328125,0.12429062277078629,16.1109561920166,0.05715077742934227,0.0005232426919974387,0.00442175567150116,0.9127712249755859,3.4933228492736816,-26.1799373626709,-1.9539925233402755e-10,0.13419416546821594,-1.4397239685058594,0.0,0.15450969338417053,1.0,1.0,1.0,1.0
32.2,433.5031736464563,0.3025591969490051,0.011148614808917046,0.048564303666353226,0.3025591969490051,0.048564303666353226,0.3025591969490051,432.49560546875,0.2718418836593628,16.112342834472656,0.011148614808917046,-0.00026601285208016634,0.006791975349187851,0.1048414409160614,-1.7426648139953613,-26.1799373626709,-5.3290705182007514e-11,-0.0846368819475174,-0.590390682220459,0.0,0.15415529906749725,1.0,1.0,1.0,1.0
32.4,436.7227873603333,0.4390215575695038,-0.07354141026735306,0.042525410652160645,0.4390215575695038,0.042525410652160645,0.4390215575695038,435.7147216796875,0.4205487370491028,16.112916946411133,-0.07354141026735306,-0.0010630590841174126,-0.008465679362416267,-1.1827945709228516,-6.978652477264404,-26.1799373626709,0.0,-0.38427114486694336,0.44106829166412354,0.0,0.15445539355278015,1.0,1.0,1.0,1.0
32.6,439.94360826746714,0.5186449289321899,-0.11199895292520523,0.02271796017885208,0.5186449289321899,0.02271796017885208,0.5186449289321899,438.9354248046875,0.5248827934265137,16.111339569091797,-0.11199895292520523,-0.0005044923746027052,-0.010926418006420135,-1.8496662378311157,-10.119105339050293,0.2885313034057617,-61.442893981933594,-0.4022417962551117,1.4210233688354492,0.0,0.15561360120773315,1.0,1.0,1.0,1.0
32.8,443.1647946980455,0.5297914147377014,-0.11229481548070908,-4.452914072317071e-05,0.5297914147377014,-4.452914072317071e-05,0.5297914147377014,442.15728759765625,0.5590559840202332,16.109771728515625,-0.11229481548070908,-0.0005179271101951599,-0.006027882918715477,-1.8065683841705322,-10.22426986694336,0.9312635660171509,42.80702590942383,-0.372663289308548,2.1168365478515625,0.0,0.1565973162651062,1.0,1.0,1.0,1.0
33.0,446.38566082103205,0.4730048179626465,-0.09542354941368103,-0.021088801324367523,0.4730048179626465,-0.021088801324367523,0.4730048179626465,445.37890625,0.5221188068389893,16.109540939331055,-0.09542354941368103,-0.00046028755605220795,0.002144634025171399,-1.568682312965393,-8.784212112426758,14.583330154418945,83.11744689941406,-0.28994762897491455,2.22751784324646,0.0,0.15682584047317505,1.0,1.0,1.0,1.0
33.2,449.60550761209566,0.3616009056568146,-0.06567081809043884,-0.037415292114019394,0.3616009056568146,-0.037415292114019394,0.3616009056568146,448.5993957519531,0.4241733253002167,16.110816955566406,-0.06567081809043884,-0.0005721411434933543,0.009093963541090488,-1.0746546983718872,-4.312458038330078,26.1799373626709,-3.907985046680551e-10,-0.1649901568889618,1.66597580909729,0.0,0.15623298287391663,1.0,1.0,1.0,1.0
33.4,452.8245240738796,0.21634355187416077,-0.024133145809173584,-0.046746876090765,0.21634355187416077,-0.046746876090765,0.21634355187416077,451.8187561035156,0.28485825657844543,16.112808227539062,-0.024133145809173584,-0.00010846649820450693,0.009606149047613144,-0.315944641828537,0.9235296845436096,26.1799373626709,0.0,0.02499220333993435,0.73972088098526,0.0,0.15493649244308472,1.0,1.0,1.0,1.0
33.6,456.0442780807609,0.07616177946329117,0.05681474134325981,-0.04388005658984184,0.07616177946329117,-0.04388005658984184,0.07616177946329117,455.0379943847656,0.13613148033618927,16.113393783569336,0.05681474134325981,0.0009063957841135561,-0.0077727376483380795,0.9251750707626343,6.159517288208008,26.1799373626709,3.907985046680551e-10,0.32499220967292786,-0.2972305715084076,0.0,0.15374521911144257,1.0,1.0,1.0,1.0
33.8,459.2656715647035,-0.014378002844750881,0.10123752802610397,-0.02658623643219471,-0.014378002844750881,-0.02658623643219471,-0.014378002844750881,458.2584533691406,0.02283899299800396,16.111425399780273,0.10123752802610397,0.000326150911860168,-0.012888431549072266,1.6961346864700317,10.191767692565918,-1.0482509136199951,39.36406707763672,0.36048024892807007,-1.2264403104782104,0.0,0.15404270589351654,1.0,1.0,1.0,1.0
34.0,462.48760847377395,-0.044532038271427155,0.09983302652835846,-0.006187968887388706,-0.044532038271427155,-0.006187968887388706,-0.044532038271427155,461.4800720214844,-0.02770269475877285,16.10944938659668,0.09983302652835846,0.0006324397400021553,-0.00793626718223095,1.6246743202209473,9.833738327026367,-5.46451473236084,-59.11631393432617,0.3231637179851532,-1.8061453104019165,0.0,0.15493144094944,1.0,1.0,1.0,1.0
34.2,465.7095596222439,-0.014674007892608643,0.08229494094848633,0.012216688133776188,-0.014674007892608643,0.012216688133776188,-0.014674007892608643,464.7018127441406,-0.01462310366332531,16.108976364135742,0.08229494094848633,0.0006253551109693944,0.0009047735948115587,1.3489254713058472,7.427738666534424,-20.751874923706055,-114.02212524414062,0.23711438477039337,-1.76859450340271,0.0,0.15531522035598755,1.0,1.0,1.0,1.0
34.4,468.93089207292223,0.061422038823366165,0.052776314318180084,0.025897620245814323,0.061422038823366165,0.025897620245814323,0.061422038823366165,467.92303466796875,0.05063822492957115,16.11008071899414,0.052776314318180084,0.000515066203661263,0.007980773225426674,0.839286744594574,2.3174586296081543,-26.1799373626709,0.0,0.11642333120107651,-1.1814595460891724,0.0,0.15511475503444672,1.0,1.0,1.0,1.0
34.6,472.15180925042887,0.15932905673980713,-0.006195067428052425,0.03159390762448311,0.15932905673980713,0.03159390762448311,0.15932905673980713,471.143798828125,0.14672985672950745,16.112028121948242,-0.006195067428052425,-0.0005667599034495652,0.007142624352127314,-0.1459634006023407,-2.9185290336608887,-26.1799373626709,5.3290705182007514e-11,-0.15170446038246155,-0.2971023619174957,0.0,0.15465247631072998,1.0,1.0,1.0,1.0
34.800000000000004,475.3733535540414,0.23047463595867157,-0.08634307980537415,0.0218649934977293,0.23047463595867157,0.0218649934977293,0.23047463595867157,474.3650817871094,0.23432400822639465,16.11253547668457,-0.08634307980537415,-0.0007724174647592008,-0.0031660469248890877,-1.283071756362915,-8.154516220092773,-26.1799373626709,-4.973799150320701e-10,-0.35671383142471313,0.6794033646583557,0.0,0.15503177046775818,1.0,1.0,1.0,1.0
35.0,478.5949956561781,0.24531276524066925,-0.10706736147403717,0.0020943470299243927,0.24531276524066925,0.0020943470299243927,0.24531276524066925,477.58721923828125,0.27196696400642395,16.111373901367188,-0.10706736147403717,-0.0006667288253083825,-0.007524068467319012,-1.746286392211914,-10.149284362792969,-5.121095657348633,-107.254638671875,-0.3801737427711487,1.5679746866226196,0.0,0.15585088729858398,1.0,1.0,1.0,1.0
35.2,481.81591626459897,0.1921546757221222,-0.11007094383239746,-0.01976972259581089,0.1921546757221222,-0.01976972259581089,0.1921546757221222,480.80914306640625,0.24086831510066986,16.110187530517578,-0.11007094383239746,-0.000667580112349242,-0.004601592663675547,-1.754776954650879,-10.237187385559082,0.0,0.0,-0.36894702911376953,2.188657760620117,0.0,0.15664027631282806,1.0,1.0,1.0,1.0
35.4,485.03507600251373,0.07072320580482483,-0.1004498228430748,-0.04097345098853111,0.07072320580482483,-0.04097345098853111,0.07072320580482483,484.029541015625,0.14032264053821564,16.110015869140625,-0.1004498228430748,-0.00042998348362743855,0.0013608423760160804,-1.6148755550384521,-10.237187385559082,0.0,0.0,-0.3224736154079437,2.3847880363464355,0.0,0.15687158703804016,1.0,1.0,1.0,1.0
35.6,488.2516436563376,-0.11043441295623779,-0.0812179446220398,-0.05922944098711014,-0.11043441295623779,-0.05922944098711014,-0.11043441295623779,487.24737548828125,-0.02375667355954647,16.110855102539062,-0.0812179446220398,-0.0003963917260989547,0.006276673637330532,-1.3197604417800903,-10.237187385559082,0.0,0.0,-0.24962571263313293,2.1979877948760986,0.0,0.1565522998571396,1.0,1.0,1.0,1.0
35.800000000000004,491.46564757975887,-0.3381698727607727,-0.056228481233119965,-0.07302003353834152,-0.3381698727607727,-0.07302003353834152,-0.3381698727607727,490.4624328613281,-0.23962436616420746,16.112380981445312,-0.056228481233119965,-0.00041134259663522243,0.008388625457882881,-0.9160224795341492,-10.237187385559082,0.0,0.0,-0.16065482795238495,1.7370091676712036,0.0,0.1556805670261383,1.0,1.0,1.0,1.0
36.0,494.67783950032384,-0.5960224866867065,-0.03000512719154358,-0.0815904438495636,-0.5960224866867065,-0.0815904438495636,-0.5960224866867065,493.67523193359375,-0.4913893938064575,16.113933563232422,-0.03000512719154358,-0.0004579651285894215,0.00683450885117054,-0.5177156925201416,-9.33829116821289,14.597747802734375,85.92414855957031,-0.06644055247306824,1.1094423532485962,0.0,0.1545666605234146,1.0,1.0,1.0,1.0
36.2,497.8894217961535,-0.8661505579948425,0.009635943919420242,-0.08460327237844467,-0.8661505579948425,-0.08460327237844467,-0.8661505579948425,496.8867492675781,-0.7620394825935364,16.114948272705078,0.009635943919420242,0.0002227692020824179,0.0005535046802833676,0.24915777146816254,-5.4766387939453125,21.11380958557129,4.846662998199463,0.15122905373573303,0.41090458631515503,0.0,0.15344621241092682,1.0,1.0,1.0,1.0
36.4,501.10342560930513,-1.1080843210220337,0.08588021248579025,-0.0746249407529831,-1.1080843210220337,-0.0746249407529831,-1.1080843210220337,500.09930419921875,-1.019931435585022,16.113595962524414,0.08588021248579025,0.0007937162299640477,-0.01146064791828394,1.2715485095977783,-1.2877137660980225,21.688814163208008,26.163137435913086,0.3413175344467163,-0.2637363374233246,0.0,0.1530962735414505,1.0,1.0,1.0,1.0
36.6,504.32058393620804,-1.294735312461853,0.09895291924476624,-0.05562125891447067,-1.294735312461853,-0.05562125891447067,-1.294735312461853,503.3149719238281,-1.2287118434906006,16.111330032348633,0.09895291924476624,0.00023249529476743191,-0.01235352735966444,1.616666316986084,2.5249459743499756,18.464031219482422,-11.357185363769531,0.35500240325927734,-0.8384479880332947,0.0,0.1537928581237793,1.0,1.0,1.0,1.0
36.800000000000004,507.54026273062334,-1.419350028038025,0.10181789100170135,-0.03555900231003761,-1.419350028038025,-0.03555900231003761,-1.419350028038025,506.53369140625,-1.3737865686416626,16.109189987182617,0.10181789100170135,0.0006670458824373782,-0.010371649637818336,1.6678650379180908,5.687051773071289,12.655356407165527,-30.894630432128906,0.36072415113449097,-1.2875603437423706,0.0,0.15475207567214966,1.0,1.0,1.0,1.0
37.0,510.7616425611366,-1.4775738716125488,0.1034126728773117,-0.014999420382082462,-1.4775738716125488,-0.014999420382082462,-1.4775738716125488,509.7543640136719,-1.4523733854293823,16.1077823638916,0.1034126728773117,0.000785875367000699,-0.006681077182292938,1.6634540557861328,7.6495232582092285,7.238128662109375,-23.003719329833984,0.3564201295375824,-1.6130162477493286,0.0,0.15550772845745087,1.0,1.0,1.0,1.0
37.2,513.9833852454464,-1.469421148300171,0.10154826194047928,0.005553872790187597,-1.469421148300171,0.005553872790187597,-1.469421148300171,512.9757690429688,-1.4646143913269043,16.10709571838379,0.10154826194047928,0.0006807849276810884,-0.003029359970241785,1.6270060539245605,8.798527717590332,5.112611293792725,-3.712679147720337,0.34296855330467224,-1.8223894834518433,0.0,0.15603074431419373,1.0,1.0,1.0,1.0
37.4,517.2042504965863,-1.3972536325454712,0.09612322598695755,0.025364244356751442,-1.3972536325454712,0.025364244356751442,-1.3972536325454712,516.1967163085938,-1.412033200263977,16.107040405273438,0.09612322598695755,0.0005966514581814408,0.00010906336683547124,1.5496333837509155,9.688324928283691,3.627302408218384,-8.86933708190918,0.3206011950969696,-1.9241788387298584,0.0,0.15630649030208588,1.0,1.0,1.0,1.0
37.6,520.4232561979618,-1.2651187181472778,0.08810050785541534,0.0438239648938179,-1.2651187181472778,0.0438239648938179,-1.2651187181472778,519.4160766601562,-1.2978293895721436,16.107542037963867,0.08810050785541534,0.0005971912760287523,0.002459445968270302,1.4239283800125122,10.237350463867188,-0.010587279684841633,-3.4056081771850586,0.28939634561538696,-1.9279553890228271,0.0,0.15632732212543488,1.0,1.0,1.0,1.0
37.800000000000004,523.6397098506973,-1.0784960985183716,0.07784748077392578,0.06046554446220398,-1.0784960985183716,0.06046554446220398,-1.0784960985183716,522.6331176757812,-1.1270073652267456,16.1085205078125,0.07784748077392578,0.0005992564256303012,0.0052111889235675335,1.253519892692566,10.237377166748047,0.0,0.0,0.24958442151546478,-1.8442844152450562,0.0,0.15610547363758087,1.0,1.0,1.0,1.0
37.910000000000004,525.4075433512096,-0.9552631974220276,0.0700221136212349,0.06862449645996094,-0.9552631974220276,0.06862449645996094,-0.9552631974220276,524.4013061523438,-1.0114011764526367,16.109243392944336,0.0700221136212349,0.0005167482304386795,0.006344054825603962,1.1130043268203735,10.228638648986816,-0.3615448772907257,-7.043676853179932,0.22068776190280914,-1.7651475667953491,0.0,0.1558719128370285,1.0,1.0,1.0,1.0
