Time,Vhcl.sRoad,Car.tx,Car.ty,Car.v,Car.YawRate,Car.SideSlipAngle,Car.ax,Car.ay,DM.Steer.Ang,Steer.WhlAng,DM.Brake,DM.Gas,Car.muRoadFL,Car.muRoadFR,Car.muRoadRL,Car.muRoadRR
0.0,8.399996983999952,7.408852577209473,0.019406098872423172,0.0,-4.5135806203688844e-10,0.0,9.080081508727744e-05,7.586744231957709e-06,0.0,0.0,0.0,0.0,0.6000000238418579,0.6000000238418579,0.6000000238418579,0.6000000238418579
0.20000000000000015,8.399996582148388,7.408852577209473,0.019406653940677643,8.070667718129698e-06,-6.582492915185867e-07,0.0,-3.3159301437990507e-07,-2.4352046239073388e-05,6.308525631813474e-15,6.308525631813474e-15,0.0,0.0,0.6000000238418579,0.6000000238418579,0.6000000238418579,0.6000000238418579
0.4000000000000003,8.400004588429034,7.408851623535156,0.01940692402422428,2.2795740733272396e-05,-3.779134658543626e-07,0.0,-0.00013687093451153487,-3.0845487799524562e-06,2.661420083678611e-15,2.661420083678611e-15,0.0,0.06787516176700592,0.6000000238418579,0.6000000238418579,0.6000000238418579,0.6000000238418579
0.6000000000000004,8.400045468693474,7.408845901489258,0.019407140091061592,0.00012359458196442574,1.8725245354289655e-06,0.0,-0.0001456137833883986,3.5788148124993313e-06,5.5651711266656995e-14,5.5651711266656995e-14,0.0,0.15427622199058533,0.6000000238418579,0.6000000238418579,0.6000000238418579,0.6000000238418579
0.8000000000000006,8.400088653496342,7.408835411071777,0.019407479092478752,0.000164640907314606,1.5000260873421212e-06,0.0,2.2644893761025742e-05,-4.134013579459861e-06,7.052730388633702e-14,7.052730388633702e-14,0.0,0.20716644823551178,0.6000000238418579,0.6000000238418579,0.6000000238418579,0.6000000238418579
1.0000000000000007,8.400103494354381,7.408825874328613,0.019407697021961212,8.671481919009238e-05,1.1191476687599788e-06,0.0,0.00010556745837675408,7.333102257689461e-05,7.237147757162624e-14,7.237147757162624e-14,0.0,0.21252869069576263,0.6000000238418579,0.6000000238418579,0.6000000238418579,0.6000000238418579
1.1999999999999786,8.400078685806736,7.408820152282715,0.019407784566283226,9.432391379959881e-05,3.3073371241698624e-07,0.0,0.00021419825498014688,-1.4471715076069813e-05,7.246770051443432e-14,7.246770051443432e-14,0.0,0.16020846366882324,0.6000000238418579,0.6000000238418579,0.6000000238418579,0.6000000238418579
1.3999999999999566,8.401225974188256,7.409713268280029,0.01940550096333027,0.0294448584318161,6.725407001795247e-05,0.0,0.43640631437301636,-0.0010373654076829553,-1.8628365316226622e-14,-1.8628365316226622e-14,0.0,0.11948283016681671,0.6000000238418579,0.6000000238418579,0.6000000238418579,0.6000000238418579
1.5999999999999346,8.421836388477383,7.4279093742370605,0.019390495494008064,0.19741740822792053,5.212772521190345e-05,0.0,1.4265786409378052,9.715854685055092e-05,-6.891027481970013e-08,-6.891027481970013e-08,0.0,0.3087324798107147,0.6000000238418579,0.6000000238418579,0.6000000238418579,0.6000000238418579
1.7999999999999126,8.497907519252891,7.500273704528809,0.01938767358660698,0.5386316180229187,6.116025906521827e-05,0.0,1.8783093690872192,0.00042002921691164374,-1.7563888832228258e-05,-1.7563888832228258e-05,0.0,0.3716505765914917,0.6000000238418579,0.6000000238418579,0.6000000238418579,0.6000000238418579
1.9999999999998905,8.646443711938808,7.646629333496094,0.019403256475925446,0.9263396263122559,0.00011155303218401968,0.0,1.9762392044067383,-0.0009283352410420775,-8.583888848079368e-05,-8.583888848079368e-05,0.0,0.3859349191188812,0.6000000238418579,0.6000000238418579,0.6000000238418579,0.6000000238418579
2.1999999999998687,8.872777323234946,7.871815204620361,0.019393306225538254,1.324315071105957,0.00015485593758057803,-9.793145000003278e-05,1.9974232912063599,0.0005435784696601331,-0.00039853889029473066,-0.00039853889029473066,0.0,0.3885168731212616,0.6000000238418579,0.6000000238418579,0.6000000238418579,0.6000000238418579
2.3999999999998467,9.178523718875748,8.176851272583008,0.01939203031361103,1.724037528038025,9.860140562523156e-05,-0.00011659021402010694,1.9971981048583984,-0.0008322744979523122,-0.00255726114846766,-0.00255726114846766,0.0,0.38888972997665405,0.6000000238418579,0.6000000238418579,0.6000000238418579,0.6000000238418579
2.5999999999998247,9.563912358530054,8.561760902404785,0.019367236644029617,2.122699022293091,3.572620335035026e-05,-0.00021888974879402667,1.9857854843139648,-0.0011558015830814838,-0.0040197246707975864,-0.0040197246707975864,0.0,0.39006882905960083,0.6000000238418579,0.6000000238418579,0.6000000238418579,0.6000000238418579
2.7999999999998026,10.028638894865054,9.026122093200684,0.019303346052765846,2.5181636810302734,-3.4834967664210126e-05,-0.00027144927298650146,1.956235408782959,-0.0005647028447128832,-0.004890654236078262,-0.004890654236078262,0.0,0.3941444158554077,0.6000000238418579,0.6000000238418579,0.6000000238418579,0.6000000238418579
2.9999999999997806,10.571682668662497,9.568890571594238,0.019224049523472786,2.906928300857544,8.265678843599744e-06,-0.0002440179669065401,1.936293125152588,-7.89382538641803e-05,-0.004271301906555891,-0.004271301906555891,0.0,0.4047757685184479,0.6000000238418579,0.6000000238418579,0.6000000238418579,0.6000000238418579
3.1999999999997586,11.192167258306409,10.189087867736816,0.01914774253964424,3.2905213832855225,1.36173748614965e-05,-0.0002270340482937172,1.886853814125061,-0.0003525227657519281,-0.004101140890270472,-0.004101140890270472,0.0,0.4200647175312042,0.6000000238418579,0.6000000238418579,0.6000000238418579,0.6000000238418579
3.3999999999997366,11.88719044541854,10.884065628051758,0.01907123252749443,3.655083417892456,2.9454182367771864e-05,-0.00022304151207208633,1.8206427097320557,-0.00018320171511732042,-0.003908141981810331,-0.003908141981810331,0.0,0.45400992035865784,0.6000000238418579,0.6000000238418579,0.6000000238418579,0.6000000238418579
3.5999999999997145,12.656272697630794,11.652693748474121,0.018993860110640526,4.032567501068115,6.109231617301702e-05,-0.0002179570437874645,1.8974055051803589,-0.00024235564342234284,-0.003888697363436222,-0.003888697363436222,0.0,0.4781067967414856,0.6000000238418579,0.6000000238418579,0.6000000238418579,0.6000000238418579
3.7999999999996925,13.502113502888552,12.497904777526855,0.01891930401325226,4.420033931732178,7.533974712714553e-05,-0.00022304337471723557,1.969277024269104,-0.00014786857354920357,-0.0038061514496803284,-0.0038061514496803284,0.0,0.4919029474258423,0.6000000238418579,0.6000000238418579,0.6000000238418579,0.6000000238418579
3.9999999999996705,14.426536796094595,13.421701431274414,0.018847016617655754,4.816747188568115,8.006316056707874e-05,-0.00022623372205998749,1.993475079536438,-5.239126767264679e-05,-0.0038590088952332735,-0.0038590088952332735,0.0,0.49583369493484497,0.6000000238418579,0.6000000238418579,0.6000000238418579,0.6000000238418579
4.199999999999737,15.430542446567985,14.425195693969727,0.018781788647174835,5.216469764709473,7.673745130887255e-05,-0.00022894880385138094,2.0019428730010986,-5.49025135114789e-05,-0.0038978795055299997,-0.0038978795055299997,0.0,0.4963489770889282,0.6000000238418579,0.6000000238418579,0.6000000238418579,0.6000000238418579
4.399999999999804,16.514546866696215,15.508758544921875,0.018725022673606873,5.617254734039307,7.522290252381936e-05,-0.00023158758995123208,2.004991292953491,-3.647516859928146e-05,-0.003936883993446827,-0.003936883993446827,0.0,0.49565112590789795,0.6000000238418579,0.6000000238418579,0.6000000238418579,0.6000000238418579
4.599999999999871,17.67872591995824,16.672521591186523,0.018678603693842888,6.018411159515381,7.087233097990975e-05,-0.0002339773636776954,2.005984306335449,-4.333593096816912e-05,-0.003984380513429642,-0.003984380513429642,0.0,0.49452415108680725,0.6000000238418579,0.6000000238418579,0.6000000238418579,0.6000000238418579
4.799999999999938,18.923140690667424,17.91653060913086,0.018643634393811226,6.419689178466797,6.598320760531351e-05,-0.0002363419480388984,2.0070455074310303,-5.8853052905760705e-05,-0.004028869327157736,-0.004028869327157736,0.0,0.49326130747795105,0.6000000238418579,0.6000000238418579,0.6000000238418579,0.6000000238418579
5.000000000000004,20.247867375720304,19.2408447265625,0.018620682880282402,6.821657657623291,6.088561349315569e-05,-0.00023882213281467557,2.0136494636535645,-8.149156201398e-05,-0.004069816786795855,-0.004069816786795855,0.0,0.49140530824661255,0.6000000238418579,0.6000000238418579,0.6000000238418579,0.6000000238418579
5.200000000000071,21.653148920164167,20.645692825317383,0.01860995776951313,7.2249603271484375,5.476448131958023e-05,-0.00024115134146995842,2.0180609226226807,-9.878110722638667e-05,-0.004108699504286051,-0.004108699504286051,0.0,0.4882110059261322,0.6000000238418579,0.6000000238418579,0.6000000238418579,0.6000000238418579
5.400000000000138,23.139138127004035,22.13125991821289,0.01861162669956684,7.6287078857421875,4.786939098266885e-05,-0.00024316160124726593,2.0186963081359863,-0.0001215336233144626,-0.0041444990783929825,-0.0041444990783929825,0.0,0.48448991775512695,0.6000000238418579,0.6000000238418579,0.6000000238418579,0.6000000238418579
5.600000000000205,24.705866387467534,23.69757843017578,0.018625563010573387,8.032440185546875,4.071408329764381e-05,-0.0002446977305226028,2.0181047916412354,-0.0001468836999265477,-0.004178513307124376,-0.004178513307124376,0.0,0.48075059056282043,0.6000000238418579,0.6000000238418579,0.6000000238418579,0.6000000238418579
5.800000000000272,26.353321854501367,25.344629287719727,0.018651409074664116,8.436052322387695,3.390749043319374e-05,-0.00024591636611148715,2.018239974975586,-0.00019086002430412918,-0.004207871854305267,-0.004207871854305267,0.0,0.47736498713493347,0.6000000238418579,0.6000000238418579,0.6000000238418579,0.6000000238418579
6.000000000000338,28.081484432780986,27.072389602661133,0.018688339740037918,8.839364051818848,2.7379815946915187e-05,-0.0002467933518346399,2.0134572982788086,-0.0002113554219249636,-0.0042311567813158035,-0.0042311567813158035,0.0,0.4741208553314209,0.6000000238418579,0.6000000238418579,0.6000000238418579,0.6000000238418579
6.200000000000405,29.890156779615225,28.880680084228516,0.01873580552637577,9.24129867553711,2.0873525500064716e-05,-0.00024715025210753083,2.0066046714782715,-0.00024310579465236515,-0.004251585807651281,-0.004251585807651281,0.0,0.47225916385650635,0.6000000238418579,0.6000000238418579,0.6000000238418579,0.6000000238418579
6.400000000000472,31.779113506843345,30.769256591796875,0.018792787566781044,9.642375946044922,1.5923185856081545e-05,-0.0002473850327078253,2.003939390182495,-0.0002841697132680565,-0.004266382195055485,-0.004266382195055485,0.0,0.4712129235267639,0.6000000238418579,0.6000000238418579,0.6000000238418579,0.6000000238418579
6.600000000000539,33.74811807487436,32.737892150878906,0.018858473747968674,10.041349411010742,9.41027064982336e-06,-0.0002468578750267625,1.9835772514343262,-0.00026255182456225157,-0.004278307314962149,-0.004278307314962149,0.0,0.4719851016998291,0.6000000238418579,0.6000000238418579,0.6000000238418579,0.6000000238418579
6.800000000000606,35.79645796989029,34.785911560058594,0.01893266662955284,10.436387062072754,4.04738466386334e-06,-0.00024567704531364143,1.9695085287094116,-0.00031905563082545996,-0.004292560275644064,-0.004292560275644064,0.0,0.4766097366809845,0.6000000238418579,0.6000000238418579,0.6000000238418579,0.6000000238418579
7.000000000000672,37.92364157382269,36.912750244140625,0.01901361346244812,10.829916954040527,1.7197081660924596e-06,-0.00024496065452694893,1.9645506143569946,-0.00036439159885048866,-0.00429576588794589,-0.00429576588794589,0.0,0.4829677641391754,0.6000000238418579,0.6000000238418579,0.6000000238418579,0.6000000238418579
7.200000000000739,40.09954387052921,39.0935173034668,0.019165705889463425,10.892951965332031,-0.0007118122885003686,-0.00011801849177572876,-0.12992045283317566,-0.0038143503479659557,-0.0024686360266059637,-0.0024686360266059637,0.0,0.0,0.6000000238418579,0.6000000238418579,0.6000000238418579,0.6000000238418579
7.400000000000806,42.27115465851701,41.26960372924805,0.019331922754645348,10.887868881225586,-0.00011467105650808662,-1.890805651783012e-05,1.8842829465866089,-0.007541576400399208,-0.0021829521283507347,-0.0021829521283507347,0.0,0.0,0.6000000238418579,0.6000000238418579,0.6000000238418579,0.6000000238418579
7.600000000000873,44.4778201196764,43.47246551513672,0.01941223070025444,11.124475479125977,0.00029594782972708344,-0.00012278898793738335,1.5473451614379883,-0.004703679587692022,-0.002900482155382633,-0.002900482155382633,0.0,0.6405270099639893,0.6000000238418579,0.6000000238418579,0.6000000238418579,0.6000000238418579
7.8000000000009395,46.73757185794888,45.728580474853516,0.019402258098125458,11.435314178466797,0.00027707728440873325,-0.00019909704860765487,1.5876152515411377,0.0011960410047322512,-0.0030370953027158976,-0.0030370953027158976,0.0,0.6400688886642456,0.6000000238418579,0.6000000238418579,0.6000000238418579,0.6000000238418579
8.000000000001005,49.05892375107648,48.04856491088867,0.019430723041296005,11.767918586730957,0.00011273776908637956,-0.00021160983305890113,1.7366174459457397,0.0010248953476548195,-0.003600622061640024,-0.003600622061640024,0.0,0.6952665448188782,0.6000000238418579,0.6000000238418579,0.6000000238418579,0.6000000238418579
8.200000000000895,51.4491994658741,50.437904357910156,0.019505023956298828,12.127508163452148,6.321147520793602e-05,-0.0002179832517867908,1.851590871810913,-0.00036023592110723257,-0.0039336406625807285,-0.0039336406625807285,0.0,0.7330827116966248,0.6000000238418579,0.6000000238418579,0.6000000238418579,0.6000000238418579
8.400000000000784,53.91325260369665,52.90116500854492,0.019586952403187752,12.505598068237305,6.398484401870519e-05,-0.0002325655659660697,1.9234592914581299,-0.00045900995610281825,-0.004046353977173567,-0.004046353977173567,0.0,0.7540369629859924,0.6000000238418579,0.6000000238418579,0.6000000238418579,0.6000000238418579
8.600000000000673,56.45402442468604,55.4412727355957,0.019669855013489723,12.894993782043457,4.2376923374831676e-05,-0.00024206725356634706,1.9666599035263062,-0.00021312833996489644,-0.0041732462123036385,-0.0041732462123036385,0.0,0.7641453146934509,0.6000000238418579,0.6000000238418579,0.6000000238418579,0.6000000238418579
8.800000000000562,59.0733252205602,58.060001373291016,0.019761690869927406,13.291139602661133,1.1603981874941383e-05,-0.0002451147011015564,1.9922983646392822,-0.00039037747774273157,-0.004229289945214987,-0.004229289945214987,0.0,0.7677177786827087,0.6000000238418579,0.6000000238418579,0.6000000238418579,0.6000000238418579
9.000000000000451,61.77222731521324,60.758392333984375,0.019857626408338547,13.691285133361816,2.9778088901366573e-06,-0.00024710726574994624,2.0076911449432373,-0.0005205382476560771,-0.004234829917550087,-0.004234829917550087,0.0,0.7676157355308533,0.6000000238418579,0.6000000238418579,0.6000000238418579,0.6000000238418579
9.20000000000034,64.55133856603298,63.537044525146484,0.019953211769461632,14.092782020568848,-2.3348939066636376e-06,-0.0002481270639691502,1.9887827634811401,-0.00031829686486162245,-0.004229472950100899,-0.004229472950100899,0.0,0.7533148527145386,0.6000000238418579,0.6000000238418579,0.6000000238418579,0.6000000238418579
9.40000000000023,67.40919567956718,66.39473724365234,0.02005486935377121,14.476903915405273,-4.7298595745814964e-05,-0.0002415480266790837,1.8304646015167236,-0.0001008838735288009,-0.004151667933911085,-0.004151667933911085,0.0,0.6919742226600647,0.6000000238418579,0.6000000238418579,0.6000000238418579,0.6000000238418579
9.600000000000119,70.33945179736413,69.32537841796875,0.0201692096889019,14.819598197937012,-0.00010520603245822713,-0.00022277876269072294,1.586240530014038,-5.151355071575381e-05,-0.003928466234356165,-0.003928466234356165,0.0,0.6070663332939148,0.6000000238418579,0.6000000238418579,0.6000000238418579,0.6000000238418579
9.800000000000008,73.33267529097621,72.31938934326172,0.020290475338697433,15.110095024108887,-0.00015522888861596584,-0.00019697274547070265,1.3170373439788818,-0.000503542716614902,-0.003487539244815707,-0.003487539244815707,0.0,0.5192845463752747,0.6000000238418579,0.6000000238418579,0.6000000238418579,0.6000000238418579
9.999999999999897,76.37848184905015,75.36613464355469,0.020404357463121414,15.347647666931152,-0.00016456269077025354,-0.00016891755512915552,1.0612523555755615,-0.0005702815833501518,-0.0029794550500810146,-0.0029794550500810146,0.0,0.44000259041786194,0.6000000238418579,0.6000000238418579,0.6000000238418579,0.6000000238418579
10.199999999999786,79.46686972768116,78.45542907714844,0.020503953099250793,15.536800384521484,-0.00014958779502194375,-0.0001425479567842558,0.8350105285644531,-0.0005326380487531424,-0.0025492836721241474,-0.0025492836721241474,0.0,0.37309500575065613,0.6000000238418579,0.6000000238418579,0.6000000238418579,0.6000000238418579
10.399999999999675,82.58888725761744,81.57823944091797,0.02058875933289528,15.684234619140625,-0.00013081473298370838,-0.00011905746214324608,0.6446999311447144,-0.0004157924558967352,-0.0022059769835323095,-0.0022059769835323095,0.0,0.3191039562225342,0.6000000238418579,0.6000000238418579,0.6000000238418579,0.6000000238418579
10.599999999999564,85.73694769609314,84.72695922851562,0.020660702139139175,15.797260284423828,-0.00011535375233506784,-9.869744826573879e-05,0.49067142605781555,-0.0003905759076587856,-0.0019375506090000272,-0.0019375506090000272,0.0,0.2768257260322571,0.6000000238418579,0.6000000238418579,0.6000000238418579,0.6000000238418579
10.799999999999454,88.90486538413852,87.8954086303711,0.020719321444630623,15.88272762298584,-9.99511539703235e-05,-8.16161700640805e-05,0.36872974038124084,-0.0004351421375758946,-0.0017249801894649863,-0.0017249801894649863,0.0,0.2444336712360382,0.6000000238418579,0.6000000238418579,0.6000000238418579,0.6000000238418579
10.999999999999343,92.08773374399297,91.07869720458984,0.02076251059770584,15.946637153625488,-8.745839295443147e-05,-6.82380996295251e-05,0.27407655119895935,-0.0004747225029859692,-0.0015366633888334036,-0.0015366633888334036,0.0,0.2199878990650177,0.6000000238418579,0.6000000238418579,0.6000000238418579,0.6000000238418579
11.199999999999232,95.28173862712586,94.27301788330078,0.020787876099348068,15.993990898132324,-7.417389133479446e-05,-5.791773219243623e-05,0.20211713016033173,-0.0004827635711990297,-0.0013826278736814857,-0.0013826278736814857,0.0,0.2017129808664322,0.6000000238418579,0.6000000238418579,0.6000000238418579,0.6000000238418579
11.399999999999121,98.48396296700953,97.4754867553711,0.02079462632536888,16.02870750427246,-6.259378278627992e-05,-5.006798164686188e-05,0.14753258228302002,-0.00046718691010028124,-0.0012602504575625062,-0.0012602504575625062,0.0,0.18821585178375244,0.6000000238418579,0.6000000238418579,0.6000000238418579,0.6000000238418579
11.59999999999901,101.69219676580238,100.68390655517578,0.020783087238669395,16.053998947143555,-5.298203541315161e-05,-4.416390584083274e-05,0.10721147805452347,-0.00044925781548954546,-0.001167858368717134,-0.001167858368717134,0.0,0.1782536804676056,0.6000000238418579,0.6000000238418579,0.6000000238418579,0.6000000238418579
11.7999999999989,104.90480170644594,103.89665222167969,0.02075379341840744,16.07232093811035,-4.581397297442891e-05,-3.977588130510412e-05,0.07718146592378616,-0.0004368814406916499,-0.001099189044907689,-0.001099189044907689,0.0,0.17088735103607178,0.6000000238418579,0.6000000238418579,0.6000000238418579,0.6000000238418579
11.999999999998789,108.12055223883927,107.11250305175781,0.020707134157419205,16.085386276245117,-4.102662205696106e-05,-3.647792254923843e-05,0.054569538682699203,-0.00043366069439798594,-0.0010486992541700602,-0.0010486992541700602,0.0,0.16552495956420898,0.6000000238418579,0.6000000238418579,0.6000000238418579,0.6000000238418579
12.199999999998678,111.33853206271309,110.33055877685547,0.020643174648284912,16.09458351135254,-3.772279524127953e-05,-3.402616857783869e-05,0.0382082536816597,-0.0004416347073856741,-0.0010135846678167582,-0.0010135846678167582,0.0,0.1616448014974594,0.6000000238418579,0.6000000238418579,0.6000000238418579,0.6000000238418579
12.399999999998567,114.55807590888425,113.55015563964844,0.020561574026942253,16.10098648071289,-3.5617231333162636e-05,-3.2250271033262834e-05,0.02638877183198929,-0.00045232821139506996,-0.0009907620260491967,-0.0009907620260491967,0.0,0.15884006023406982,0.6000000238418579,0.6000000238418579,0.6000000238418579,0.6000000238418579
12.599999999998456,117.77870168495119,116.77082061767578,0.020461857318878174,16.105369567871094,-3.432240191614255e-05,-3.098526576650329e-05,0.017882462590932846,-0.00046892568934708834,-0.0009820128325372934,-0.0009820128325372934,0.0,0.15682049095630646,0.6000000238418579,0.6000000238418579,0.6000000238418579,0.6000000238418579
12.799999999998345,121.00006197171957,119.9922103881836,0.020343348383903503,16.108306884765625,-3.4738324757199734e-05,-3.0085833714110777e-05,0.011801124550402164,-0.0004990308661945164,-0.0009799879044294357,-0.0009799879044294357,0.0,0.15537592768669128,0.6000000238418579,0.6000000238418579,0.6000000238418579,0.6000000238418579
12.999999999998234,124.22190834676877,123.21408081054688,0.020204830914735794,16.110214233398438,-3.622003714554012e-05,-2.9451432055793703e-05,0.0074964785017073154,-0.0005413585458882153,-0.000980060431174934,-0.000980060431174934,0.0,0.15435266494750977,0.6000000238418579,0.6000000238418579,0.6000000238418579,0.6000000238418579
13.199999999998123,127.44406487629938,126.43624877929688,0.020044667646288872,16.11139678955078,-3.788045432884246e-05,-2.9010889193159528e-05,0.0044907573610544205,-0.0005821134545840323,-0.000981172313913703,-0.000981172313913703,0.0,0.15363749861717224,0.6000000238418579,0.6000000238418579,0.6000000238418579,0.6000000238418579
13.399999999998013,130.6664085857484,129.65859985351562,0.019861234351992607,16.112075805664062,-3.959571404266171e-05,-2.8722690331051126e-05,0.0024306385312229395,-0.0006198110640980303,-0.0009842314757406712,-0.0009842314757406712,0.0,0.1531466841697693,0.6000000238418579,0.6000000238418579,0.6000000238418579,0.6000000238418579
13.599999999997902,133.8888550246339,132.8810577392578,0.019653011113405228,16.112415313720703,-4.151689063291997e-05,-2.8537237085402012e-05,0.0010541097726672888,-0.0006574554718099535,-0.0009890649234876037,-0.0009890649234876037,0.0,0.15281817317008972,0.6000000238418579,0.6000000238418579,0.6000000238418579,0.6000000238418579
13.799999999997791,137.1113476036752,136.1035614013672,0.019418485462665558,16.112531661987305,-4.361114406492561e-05,-2.8423364710761234e-05,0.0001670224592089653,-0.0006961138569749892,-0.0009952173568308353,-0.0009952173568308353,0.0,0.15260598063468933,0.6000000238418579,0.6000000238418579,0.6000000238418579,0.6000000238418579
13.99999999999768,140.33384970459787,139.32606506347656,0.019156116992235184,16.112506866455078,-4.582142355502583e-05,-2.8362617740640417e-05,-0.00037417063140310347,-0.0007353325490839779,-0.0010022778296843171,-0.0010022778296843171,0.0,0.15247605741024017,0.6000000238418579,0.6000000238418579,0.6000000238418579,0.6000000238418579
14.19999999999757,143.5563388406929,142.54855346679688,0.018864335492253304,16.112398147583008,-4.811083999811672e-05,-2.833970393112395e-05,-0.000675180577673018,-0.0007747006602585316,-0.0010099437786266208,-0.0010099437786266208,0.0,0.1524033546447754,0.6000000238418579,0.6000000238418579,0.6000000238418579,0.6000000238418579
14.399999999997458,146.7788023533802,145.77102661132812,0.018541570752859116,16.112247467041016,-5.0447848479961976e-05,-2.834236693161074e-05,-0.0008133578230626881,-0.0008140048012137413,-0.0010179837699979544,-0.0010179837699979544,0.0,0.15236949920654297,0.6000000238418579,0.6000000238418579,0.6000000238418579,0.6000000238418579
14.599999999997348,150.0012342627402,148.9934539794922,0.01818624883890152,16.112079620361328,-5.2806077292189e-05,-2.8361928343656473e-05,-0.0008447812288068235,-0.0008530719205737114,-0.001026227488182485,-0.001026227488182485,0.0,0.1523611694574356,0.6000000238418579,0.6000000238418579,0.6000000238418579,0.6000000238418579
14.799999999997237,153.22363293444852,152.21585083007812,0.01779680885374546,16.111913681030273,-5.517660974874161e-05,-2.8391908927005716e-05,-0.0008158397977240384,-0.000891786883585155,-0.0010346046183258295,-0.0010346046183258295,0.0,0.15236727893352509,0.6000000238418579,0.6000000238418579,0.6000000238418579,0.6000000238418579
14.999999999997126,156.4459993574219,155.43821716308594,0.01737169548869133,16.111757278442383,-5.758777479059063e-05,-2.8427664801711217e-05,-0.000743736803997308,-0.0009313003392890096,-0.0010432311100885272,-0.0010432311100885272,0.0,0.15238387882709503,0.6000000238418579,0.6000000238418579,0.6000000238418579,0.6000000238418579
15.199999999997015,159.66833626079787,158.66055297851562,0.016909334808588028,16.111616134643555,-6.004216993460432e-05,-2.8471533369156532e-05,-0.0006494923727586865,-0.0009711981983855367,-0.0010520356008782983,-0.0010520356008782983,0.0,0.15240582823753357,0.6000000238418579,0.6000000238418579,0.6000000238418579,0.6000000238418579
15.399999999996904,162.89064728148557,161.88287353515625,0.016408126801252365,16.11149787902832,-6.257143104448915e-05,-2.8516853490145877e-05,-0.0005483730346895754,-0.001011996646411717,-0.0010611360194161534,-0.0010611360194161534,0.0,0.1524295210838318,0.6000000238418579,0.6000000238418579,0.6000000238418579,0.6000000238418579
15.599999999996793,166.11293637461517,165.1051483154297,0.01586643047630787,16.11139678955078,-6.525543722091243e-05,-2.856348146451637e-05,-0.00045027941814623773,-0.0010553589090704918,-0.0010708641493692994,-0.0010708641493692994,0.0,0.15245258808135986,0.6000000238418579,0.6000000238418579,0.6000000238418579,0.6000000238418579
15.799999999996682,169.33520740982075,168.32742309570312,0.01528251264244318,16.111316680908203,-6.81458695908077e-05,-2.8611257221200503e-05,-0.00036057381657883525,-0.0011020227102562785,-0.001081304159015417,-0.001081304159015417,0.0,0.15247373282909393,0.6000000238418579,0.6000000238418579,0.6000000238418579,0.6000000238418579
15.999999999996572,172.55746394568322,171.5496826171875,0.01465450320392847,16.111251831054688,-7.125343108782545e-05,-2.8660557291004807e-05,-0.0002816383494064212,-0.0011523390421643853,-0.0010925349779427052,-0.0010925349779427052,0.0,0.15249235928058624,0.6000000238418579,0.6000000238418579,0.6000000238418579,0.6000000238418579
16.199999999996816,175.77970912522144,174.7719268798828,0.013980383053421974,16.111202239990234,-7.470385753549635e-05,-2.8713908250210807e-05,-0.0002142922458006069,-0.0012082532048225403,-0.0011051201727241278,-0.0011051201727241278,0.0,0.15250828862190247,0.6000000238418579,0.6000000238418579,0.6000000238418579,0.6000000238418579
16.39999999999706,179.00194563625726,177.99417114257812,0.013257908634841442,16.11116600036621,-7.859879406169057e-05,-2.877005681511946e-05,-0.00015835552767384797,-0.00127124332357198,-0.0011192428646609187,-0.0011192428646609187,0.0,0.1525215357542038,0.6000000238418579,0.6000000238418579,0.6000000238418579,0.6000000238418579
16.599999999997305,182.22417571604404,181.21640014648438,0.012484559789299965,16.11113929748535,-8.294384315377101e-05,-2.883042543544434e-05,-0.00011303935752948746,-0.001341950031928718,-0.0011350162094458938,-0.0011350162094458938,0.0,0.15253227949142456,0.6000000238418579,0.6000000238418579,0.6000000238418579,0.6000000238418579
16.79999999999755,185.44640118091996,184.43861389160156,0.011657490395009518,16.111120223999023,-8.804717799648643e-05,-2.890273208322469e-05,-7.716388063272461e-05,-0.0014251591637730598,-0.0011539505794644356,-0.0011539505794644356,0.0,0.15254080295562744,0.6000000238418579,0.6000000238418579,0.6000000238418579,0.6000000238418579
16.999999999997794,188.66862346573174,187.6608428955078,0.010773354209959507,16.111106872558594,-9.424128802493215e-05,-2.8984051823499613e-05,-4.946992339682765e-05,-0.001525692525319755,-0.0011767512187361717,-0.0011767512187361717,0.0,0.15254738926887512,0.6000000238418579,0.6000000238418579,0.6000000238418579,0.6000000238418579
17.199999999998038,191.89084367931653,190.883056640625,0.009828127920627594,16.111099243164062,-0.00010154061601497233,-2.9075756174279377e-05,-2.8651093089138158e-05,-0.0016446777153760195,-0.001203474821522832,-0.001203474821522832,0.0,0.15255235135555267,0.6000000238418579,0.6000000238418579,0.6000000238418579,0.6000000238418579
17.399999999998283,195.11306265513886,194.10528564453125,0.00881702359765768,16.111095428466797,-0.00011038225056836382,-2.9192655347287655e-05,-1.345247892459156e-05,-0.0017895136261358857,-0.0012364943977445364,-0.0012364943977445364,0.0,0.15255597233772278,0.6000000238418579,0.6000000238418579,0.6000000238418579,0.6000000238418579
17.599999999998527,198.33528099914543,197.32749938964844,0.007734219077974558,16.111093521118164,-0.00012138009333284572,-2.9332139092730358e-05,-2.7366004360374063e-06,-0.00196840544231236,-0.0012771886540576816,-0.0012771886540576816,0.0,0.15255853533744812,0.6000000238418579,0.6000000238418579,0.6000000238418579,0.6000000238418579
17.79999999999877,201.5574991333397,200.54971313476562,0.006572555284947157,16.111093521118164,-0.00013454630970954895,-2.94923665933311e-05,4.461870958039071e-06,-0.0021827807649970055,-0.0013253528159111738,-0.0013253528159111738,0.0,0.1525602638721466,0.6000000238418579,0.6000000238418579,0.6000000238418579,0.6000000238418579
17.999999999999016,204.77971733678604,203.77194213867188,0.005323437973856926,16.111095428466797,-0.00015014556993264705,-2.9688984795939177e-05,8.98893631529063e-06,-0.0024376565124839544,-0.0013828102964907885,-0.0013828102964907885,0.0,0.15256136655807495,0.6000000238418579,0.6000000238418579,0.6000000238418579,0.6000000238418579
18.19999999999926,208.00193577916613,206.99415588378906,0.003976647276431322,16.11109733581543,-0.00016875445726327598,-2.992092413478531e-05,1.1558995538507588e-05,-0.002740114228799939,-0.0014508618041872978,-0.0014508618041872978,0.0,0.1525619924068451,0.6000000238418579,0.6000000238418579,0.6000000238418579,0.6000000238418579
18.399999999999505,211.2241545466648,210.2163848876953,0.002520084846764803,16.111101150512695,-0.00019030504336114973,-3.0182660339050926e-05,1.2715828233922366e-05,-0.00309015647508204,-0.0015288733411580324,-0.0015288733411580324,0.0,0.15256229043006897,0.6000000238418579,0.6000000238418579,0.6000000238418579,0.6000000238418579
18.59999999999975,214.44637366575517,213.4385986328125,0.0009397479007020593,16.111103057861328,-0.00021477921109180897,-3.048516191483941e-05,1.2902714843221474e-05,-0.003488436806946993,-0.0016174979973584414,-0.0016174979973584414,0.0,0.15256236493587494,0.6000000238418579,0.6000000238418579,0.6000000238418579,0.6000000238418579
18.799999999999994,217.66859312208217,216.6608123779297,-0.0007803082698956132,16.11110496520996,-0.00024251618015114218,-3.082849070779048e-05,1.2539662748167757e-05,-0.003938375506550074,-0.0017174623208120465,-0.0017174623208120465,0.0,0.15256230533123016,0.6000000238418579,0.6000000238418579,0.6000000238418579,0.6000000238418579
19.000000000000238,220.89081287288943,219.88304138183594,-0.002658074488863349,16.111108779907227,-0.0002733480359893292,-3.1204843253362924e-05,1.1762129361159168e-05,-0.004438020288944244,-0.001827782136388123,-0.001827782136388123,0.0,0.15256214141845703,0.6000000238418579,0.6000000238418579,0.6000000238418579,0.6000000238418579
19.200000000000482,224.11303285497053,223.10525512695312,-0.004713522270321846,16.11111068725586,-0.00030700606293976307,-3.1618215871276334e-05,1.0763800673885271e-05,-0.004983773920685053,-0.0019478872418403625,-0.0019478872418403625,0.0,0.1525619477033615,0.6000000238418579,0.6000000238418579,0.6000000238418579,0.6000000238418579
19.400000000000727,227.33525299300695,226.32748413085938,-0.0069684782065451145,16.111112594604492,-0.00034347971086390316,-3.206825567758642e-05,9.704574040370062e-06,-0.005574188660830259,-0.0020775862503796816,-0.0020775862503796816,0.0,0.1525617241859436,0.6000000238418579,0.6000000238418579,0.6000000238418579,0.6000000238418579
19.60000000000097,230.5574732037199,229.54969787597656,-0.009446545504033566,16.111114501953125,-0.00038250425131991506,-3.254730108892545e-05,8.68249662744347e-06,-0.006205282639712095,-0.00221569137647748,-0.00221569137647748,0.0,0.1525615155696869,0.6000000238418579,0.6000000238418579,0.6000000238418579,0.6000000238418579
19.800000000001216,233.77969339959034,232.7719268798828,-0.012172898277640343,16.111116409301758,-0.0004229466721881181,-3.30286638927646e-05,7.70415226725163e-06,-0.00685474369674921,-0.0023556440137326717,-0.0023556440137326717,0.0,0.15256133675575256,0.6000000238418579,0.6000000238418579,0.6000000238418579,0.6000000238418579
20.00000000000146,237.00191349438222,235.994140625,-0.015173343010246754,16.111116409301758,-0.00046162394573912024,-3.348285463289358e-05,6.7022056100540794e-06,-0.0074765668250620365,-0.002486634533852339,-0.002486634533852339,0.0,0.15256115794181824,0.6000000238418579,0.6000000238418579,0.6000000238418579,0.6000000238418579
20.200000000001705,240.2241334091658,239.21636962890625,-0.018472660332918167,16.11111831665039,-0.0004970115842297673,-3.392210419406183e-05,5.711215180781437e-06,-0.008044548332691193,-0.0026055248454213142,-0.0026055248454213142,0.0,0.1525609791278839,0.6000000238418579,0.6000000238418579,0.6000000238418579,0.6000000238418579
20.40000000000195,243.44635306944417,242.43858337402344,-0.022093510255217552,16.111120223999023,-0.0005280793993733823,-3.429922435316257e-05,4.749621439259499e-06,-0.008535697124898434,-0.0027060804422944784,-0.0027060804422944784,0.0,0.15256081521511078,0.6000000238418579,0.6000000238418579,0.6000000238418579,0.6000000238418579
20.600000000002193,246.6685724027024,245.6608123779297,-0.02605532854795456,16.111120223999023,-0.0005509553593583405,-3.4557018807390705e-05,3.704536311488482e-06,-0.00889564212411642,-0.002774408319965005,-0.002774408319965005,0.0,0.15256062150001526,0.6000000238418579,0.6000000238418579,0.6000000238418579,0.6000000238418579
20.800000000002438,249.89079134832934,248.88302612304688,-0.030372411012649536,16.111122131347656,-0.0005638599395751953,-3.4726464946288615e-05,2.580892441983451e-06,-0.009095321409404278,-0.0028079228941351175,-0.0028079228941351175,0.0,0.15256041288375854,0.6000000238418579,0.6000000238418579,0.6000000238418579,0.6000000238418579
21.000000000002682,253.11300985872563,252.10525512695312,-0.035052698105573654,16.111122131347656,-0.0005659449961967766,-3.4747754398267716e-05,1.4012167639521067e-06,-0.009108617901802063,-0.002799015026539564,-0.002799015026539564,0.0,0.15256017446517944,0.6000000238418579,0.6000000238418579,0.6000000238418579,0.6000000238418579
21.200000000002927,256.3352279252747,255.3274688720703,-0.040096305310726166,16.111122131347656,-0.0005499977269209921,-3.4493044950068e-05,-1.8551847347225703e-07,-0.008831208571791649,-0.002719034207984805,-0.002719034207984805,0.0,0.15255989134311676,0.6000000238418579,0.6000000238418579,0.6000000238418579,0.6000000238418579
21.40000000000317,259.5574455793209,258.5496826171875,-0.04549190774559975,16.111122131347656,-0.0005118270055390894,-3.403660230105743e-05,-1.7403567653673235e-06,-0.008198228664696217,-0.002561534522101283,-0.002561534522101283,0.0,0.15255950391292572,0.6000000238418579,0.6000000238418579,0.6000000238418579,0.6000000238418579
21.600000000003416,262.77966282194706,261.77191162109375,-0.05121418461203575,16.111122131347656,-0.00045062456047162414,-3.327127342345193e-05,-3.7770753351651365e-06,-0.007157482672482729,-0.0023116080556064844,-0.0023116080556064844,0.0,0.1525590568780899,0.6000000238418579,0.6000000238418579,0.6000000238418579,0.6000000238418579
21.80000000000366,266.00187981948665,264.994140625,-0.05721849203109741,16.111120223999023,-0.0003179965715389699,-3.0899907869752496e-05,-8.766330211074091e-06,-0.0048171221278607845,-0.0016941033536568284,-0.0016941033536568284,0.0,0.15255826711654663,0.6000000238418579,0.6000000238418579,0.6000000238418579,0.6000000238418579
22.000000000003904,269.22409727679286,268.2163391113281,-0.06340406835079193,16.11111831665039,1.6273839719360694e-05,-2.558570122346282e-05,-1.9952636648667976e-05,0.0008656509453430772,-0.00021065679902676493,-0.00021065679902676493,0.0,0.15255632996559143,0.6000000238418579,0.6000000238418579,0.6000000238418579,0.6000000238418579
22.20000000000415,272.4463165418392,271.4385681152344,-0.06953337043523788,16.11111068725586,0.0007262225262820721,-1.5430485291290097e-05,-4.371957038529217e-05,0.012833906337618828,0.0028316625393927097,0.0028316625393927097,0.0,0.15255236625671387,0.6000000238418579,0.6000000238418579,0.6000000238418579,0.6000000238418579
22.400000000004393,275.6685395950943,274.6607971191406,-0.07511486113071442,16.111099243164062,0.0020167019683867693,5.477363629324827e-07,-8.324822556460276e-05,0.03303718939423561,0.007690131198614836,0.007690131198614836,0.0,0.152545765042305,0.6000000238418579,0.6000000238418579,0.6000000238418579,0.6000000238418579
22.600000000004638,278.89076432923963,277.88299560546875,-0.07947994768619537,16.111087799072266,0.002250996185466647,-1.3855592442268971e-05,-4.6733450290048495e-05,0.03775981441140175,0.007124199066311121,0.007124199066311121,0.0,0.15254713594913483,0.6000000238418579,0.6000000238418579,0.6000000238418579,0.6000000238418579
22.800000000004882,282.11298825616126,281.105224609375,-0.08230633288621902,16.111072540283203,0.003044431796297431,2.2193027689354494e-05,-0.0001061344300978817,0.05241047590970993,0.011942337267100811,0.011942337267100811,0.0,0.15254642069339752,0.6000000238418579,0.6000000238418579,0.6000000238418579,0.6000000238418579
23.000000000005127,285.33522190648205,284.3274230957031,-0.08275876194238663,16.11101722717285,0.008996378630399704,0.00017825346731115133,-0.0007134678307920694,0.16884446144104004,0.04756760969758034,0.04756760969758034,0.0,0.15252245962619781,0.6000000238418579,0.6000000238418579,0.6000000238418579,0.6000000238418579
23.20000000000537,288.5574640485538,287.5495910644531,-0.0758550763130188,16.110706329345703,0.028938960283994675,0.0004428501124493778,-0.0032372346613556147,0.49775826930999756,0.1330292671918869,0.1330292671918869,0.0,0.15249045193195343,0.6000000238418579,0.6000000238418579,0.6000000238418579,0.6000000238418579
23.400000000005615,291.7794171712461,290.771484375,-0.047779183834791183,16.109365463256836,0.07065144181251526,0.000946206331718713,-0.013348888605833054,1.182359218597412,0.308197557926178,0.308197557926178,0.0,0.1527489274740219,0.6000000238418579,0.6000000238418579,0.6000000238418579,0.6000000238418579
23.60000000000586,294.9995356939534,293.9920349121094,0.028724305331707,16.104948043823242,0.1369132548570633,0.0010768130887299776,-0.03628895431756973,2.1616923809051514,0.5557359457015991,0.5557359457015991,0.0,0.15435095131397247,0.6000000238418579,0.6000000238418579,0.6000000238418579,0.6000000238418579
23.800000000006104,298.21365277674965,297.20806884765625,0.19039341807365417,16.097023010253906,0.18893277645111084,-0.0008303695358335972,-0.03650069981813431,2.8031764030456543,0.6488962769508362,0.6488962769508362,0.0,0.15828077495098114,0.6000000238418579,0.6000000238418579,0.6000000238418579,0.6000000238418579
24.00000000000635,301.4177421140835,300.4154052734375,0.46045807003974915,16.092676162719727,0.16470220685005188,-0.003737666644155979,0.008051766082644463,2.486309766769409,0.4293769299983978,0.4293769299983978,0.0,0.16173410415649414,0.6000000238418579,0.6000000238418579,0.6000000238418579,0.6000000238418579
24.200000000006593,304.61412719935356,303.6133728027344,0.8254382610321045,16.09674072265625,0.05217743664979935,-0.0036804084666073322,0.038833748549222946,1.0099290609359741,0.017191441729664803,0.017191441729664803,0.0,0.16199852526187897,0.6000000238418579,0.6000000238418579,0.6000000238418579,0.6000000238418579
24.400000000006838,307.8113170023743,306.8082580566406,1.227194905281067,16.103092193603516,-0.09083446860313416,-0.001273149624466896,0.013976622372865677,-1.3598790168762207,-0.4596194326877594,-0.4596194326877594,0.0,0.16121579706668854,0.6000000238418579,0.6000000238418579,0.6000000238418579,0.6000000238418579
24.600000000007082,311.01613604708484,310.0096130371094,1.575821042060852,16.09709930419922,-0.230987086892128,-0.00067029899219051,-0.09990433603525162,-3.649606466293335,-1.0888330936431885,-1.0888330936431885,0.0,0.16563186049461365,0.6000000238418579,0.6000000238418579,0.6000000238418579,0.6000000238418579
24.800000000007326,314.22599016520394,313.2186584472656,1.7807888984680176,16.054771423339844,-0.3828039765357971,0.005573632195591927,-0.31728726625442505,-5.091902732849121,-2.2713351249694824,-2.2713351249694824,0.0,0.1886947900056839,0.6000000238418579,0.6000000238418579,0.6000000238418579,0.6000000238418579
25.00000000000757,317.4207608258262,316.4195251464844,1.785172700881958,15.946982383728027,-0.40372398495674133,0.019868001341819763,-0.6138150691986084,-5.381866455078125,-4.4783148765563965,-4.4783148765563965,0.0,0.24552512168884277,0.6000000238418579,0.6000000238418579,0.6000000238418579,0.6000000238418579
25.200000000007815,320.57779736790906,319.5877380371094,1.5759050846099854,15.82408618927002,-0.3747048079967499,0.02957792766392231,-0.14578714966773987,-5.507709980010986,-3.0262703895568848,-3.0262703895568848,0.0,0.30389443039894104,0.6000000238418579,0.6000000238418579,0.6000000238418579,0.6000000238418579
25.40000000000806,323.69991741928567,322.7227478027344,1.14915132522583,15.841259002685547,-0.319764643907547,0.029787706211209297,0.5330882668495178,-5.406273365020752,-0.9910871386528015,-0.9910871386528015,0.0,0.2867630422115326,0.6000000238418579,0.6000000238418579,0.6000000238418579,0.6000000238418579
25.600000000008304,326.80958713734765,325.83795166015625,0.5309893488883972,15.910355567932129,0.018060514703392982,0.025445614010095596,0.2299230694770813,-1.0664324760437012,0.6322049498558044,0.6322049498558044,0.0,0.21588055789470673,0.6000000238418579,0.6000000238418579,0.6000000238418579,0.6000000238418579
25.80000000000855,329.9397513902882,328.95306396484375,-0.12844699621200562,15.919880867004395,0.3128163814544678,0.0018223421648144722,-0.15266971290111542,3.5461721420288086,1.1702697277069092,1.1702697277069092,0.0,0.14610494673252106,0.6000000238418579,0.6000000238418579,0.6000000238418579,0.6000000238418579
26.000000000008793,333.0848258889039,332.0864562988281,-0.6567246913909912,15.846869468688965,0.4053651690483093,-0.010980590246617794,-0.5083367824554443,5.406374931335449,2.052988052368164,2.052988052368164,0.0,0.11657623201608658,0.6000000238418579,0.6000000238418579,0.6000000238418579,0.6000000238418579
26.200000000009037,336.22827977791263,335.2253112792969,-0.9746910333633423,15.694464683532715,0.4084751307964325,-0.025070060044527054,-0.860148549079895,5.412560939788818,4.313340187072754,4.313340187072754,0.0,0.13356651365756989,0.6000000238418579,0.6000000238418579,0.6000000238418579,0.6000000238418579
26.400000000009282,339.3403308063266,338.3388671875,-1.0752699375152588,15.44720458984375,0.3710848391056061,-0.0345618911087513,-1.3328521251678467,5.334704875946045,7.633033275604248,7.633033275604248,0.0,0.2424589991569519,0.6000000238418579,0.6000000238418579,0.6000000238418579,0.6000000238418579
26.600000000009526,342.3904679729984,341.39483642578125,-0.9638756513595581,15.146195411682129,0.32231608033180237,-0.03469579666852951,-1.1771936416625977,5.379710674285889,8.800939559936523,8.800939559936523,0.0,0.4895075857639313,0.6000000238418579,0.6000000238418579,0.6000000238418579,0.6000000238418579
26.80000000000977,345.37082948256784,344.38250732421875,-0.6432135105133057,14.928093910217285,0.2924216091632843,-0.02403036504983902,-0.6854381561279297,5.386937141418457,8.800939559936523,8.800939559936523,0.0,0.6402068138122559,0.6000000238418579,0.6000000238418579,0.6000000238418579,0.6000000238418579
27.000000000010015,348.28562652944447,347.30706787109375,-0.11495368182659149,14.811722755432129,0.3014102876186371,-0.0113734882324934,-0.3236009180545807,5.218153953552246,8.208102226257324,8.208102226257324,0.0,0.6822185516357422,0.6000000238418579,0.6000000238418579,0.6000000238418579,0.6000000238418579
27.20000000001026,351.1449393403239,350.1793212890625,0.6152747273445129,14.889653205871582,0.31392326951026917,-0.005572181195020676,1.3400987386703491,4.722386360168457,3.3792552947998047,3.3792552947998047,0.0,0.5677635073661804,0.6000000238418579,0.6000000238418579,0.6000000238418579,0.6000000238418579
27.400000000010504,354.0120835620591,353.052734375,1.5284373760223389,15.260869979858398,-0.021947000175714493,-0.01513624656945467,0.8133707642555237,-1.410064697265625,-1.8567323684692383,-1.8567323684692383,0.0,0.4732433557510376,0.6000000238418579,0.6000000238418579,0.6000000238418579,0.6000000238418579
27.60000000001075,356.9612072763199,355.97613525390625,2.4327332973480225,15.313071250915527,-0.4311976134777069,-2.9887352866353467e-05,-0.2140023559331894,-5.086019039154053,-7.092720031738281,-7.092720031738281,0.0,0.7257471680641174,0.6000000238418579,0.6000000238418579,0.6000000238418579,0.6000000238418579
27.800000000010993,359.94250396566696,358.94464111328125,3.1539466381073,15.246275901794434,-0.4390980303287506,0.01760004088282585,-0.13125590980052948,-5.594848155975342,-9.120650291442871,-9.120650291442871,0.0,0.768134355545044,0.6000000238418579,0.6000000238418579,0.6000000238418579,0.6000000238418579
28.000000000011237,362.9555964824783,361.94891357421875,3.6562013626098633,15.227022171020508,-0.37986183166503906,0.02698245272040367,0.06419438123703003,-5.4853339195251465,-8.08395004272461,-8.08395004272461,0.0,0.7376782298088074,0.6000000238418579,0.6000000238418579,0.6000000238418579,0.6000000238418579
28.20000000001148,365.9877919840481,364.9787902832031,3.940256357192993,15.210310935974121,-0.325736403465271,0.02584005706012249,0.05604678764939308,-5.430447578430176,-9.971948623657227,-9.971948623657227,0.0,0.6401222944259644,0.6000000238418579,0.6000000238418579,0.6000000238418579,0.6000000238418579
28.400000000011726,369.0237880012989,368.01763916015625,4.007737159729004,15.188993453979492,-0.29749590158462524,0.016695713624358177,-0.0750715509057045,-5.257885932922363,-10.154012680053711,-10.154012680053711,0.0,0.5309042930603027,0.6000000238418579,0.6000000238418579,0.6000000238418579,0.6000000238418579
28.60000000001197,372.0461214286992,371.0471496582031,3.8645849227905273,15.139729499816895,-0.32111504673957825,0.009427101351320744,-0.3032250702381134,-5.127063751220703,-9.985906600952148,-9.985906600952148,0.0,0.4626868665218353,0.6000000238418579,0.6000000238418579,0.6000000238418579,0.6000000238418579
28.800000000012215,375.03192430043066,374.0457763671875,3.5172247886657715,15.044607162475586,-0.35744214057922363,0.009344026446342468,-0.5545844435691833,-5.195516109466553,-10.248583793640137,-10.248583793640137,0.0,0.4158070981502533,0.6000000238418579,0.6000000238418579,0.6000000238418579,0.6000000238418579
29.00000000001246,377.9570876473033,376.98968505859375,2.9683096408843994,14.900867462158203,-0.3710854947566986,0.012723971158266068,-0.7632049322128296,-5.2584547996521,-10.249494552612305,-10.249494552612305,0.0,0.39727821946144104,0.6000000238418579,0.6000000238418579,0.6000000238418579,0.6000000238418579
29.200000000012704,380.7997492104134,379.8561096191406,2.2217109203338623,14.722639083862305,-0.3652357757091522,0.01535443402826786,-0.8563505411148071,-5.291197299957275,-9.401288032531738,-9.401288032531738,0.0,0.4133875370025635,0.6000000238418579,0.6000000238418579,0.6000000238418579,0.6000000238418579
29.400000000012948,383.54326523552527,382.6268615722656,1.2833110094070435,14.5459623336792,-0.3525668978691101,0.014833664521574974,-0.5612775683403015,-5.309268951416016,-6.7651824951171875,-6.7651824951171875,0.0,0.4335220158100128,0.6000000238418579,0.6000000238418579,0.6000000238418579,0.6000000238418579
29.600000000013193,386.1868046515483,385.3002624511719,0.1547802835702896,14.513056755065918,-0.34202539920806885,0.011470588855445385,0.4446377754211426,-5.220197677612305,-2.961514472961426,-2.961514472961426,0.0,0.346589058637619,0.6000000238418579,0.6000000238418579,0.6000000238418579,0.6000000238418579
29.800000000013437,388.77874311059924,387.9074401855469,-1.1499067544937134,14.613171577453613,0.05275887995958328,0.02241469919681549,-0.16873393952846527,1.593147873878479,1.9885584115982056,1.9885584115982056,0.0,0.21912844479084015,0.6000000238418579,0.6000000238418579,0.6000000238418579,0.6000000238418579
30.00000000001368,391.44672177251914,390.52777099609375,-2.425973653793335,14.50803279876709,0.4746914505958557,0.0023334037978202105,-0.9944442510604858,5.213741302490234,6.804120063781738,6.804120063781738,0.0,0.3029411733150482,0.6000000238418579,0.6000000238418579,0.6000000238418579,0.6000000238418579
30.200000000013926,394.14323524418734,393.1928405761719,-3.5119006633758545,14.278629302978516,0.4776780605316162,-0.01888796128332615,-0.9244694709777832,5.498294830322266,10.76490592956543,10.76490592956543,0.0,0.590901792049408,0.6000000238418579,0.6000000238418579,0.6000000238418579,0.6000000238418579
30.40000000001417,396.8722831914019,395.8955993652344,-4.3781023025512695,14.12930965423584,0.42502498626708984,-0.03169991448521614,-0.29485374689102173,5.609641075134277,10.534773826599121,10.534773826599121,0.0,0.8095446825027466,0.6000000238418579,0.6000000238418579,0.6000000238418579,0.6000000238418579
30.600000000014415,399.6345130528575,398.6398010253906,-5.023489952087402,14.084733009338379,0.3454417288303375,-0.02936006896197796,0.16930656135082245,5.566654682159424,10.596346855163574,10.596346855163574,0.0,0.8925185203552246,0.6000000238418579,0.6000000238418579,0.6000000238418579,0.6000000238418579
30.62000000001444,399.9125585231926,398.9165954589844,-5.075925827026367,14.085225105285645,0.3379616439342499,-0.02828018181025982,0.1931692361831665,5.547038555145264,10.755875587463379,10.755875587463379,0.0,0.8940779566764832,0.6000000238418579,0.6000000238418579,0.6000000238418579,0.6000000238418579
