roadLayer,markerIndex,pylonSide,type,sRoad,x,y,gateCenterY,gateWidth,isGateCenter,isSlalomSideGate,rawParam
1,0,lower,DrvPylon,290.0,290.0,-1.5,0.0,3.0,False,False,290 0 0 100 1 3
1,0,upper,DrvPylon,290.0,290.0,1.5,0.0,3.0,False,False,290 0 0 100 1 3
1,1,lower,DrvPylon,295.0,295.0,-1.5,0.0,3.0,False,False,295 0 0 100 1 3
1,1,upper,DrvPylon,295.0,295.0,1.5,0.0,3.0,False,False,295 0 0 100 1 3
1,2,lower,DrvPylon,300.0,300.0,-1.5,0.0,3.0,False,False,300 0 0 100 1 3
1,2,upper,DrvPylon,300.0,300.0,1.5,0.0,3.0,False,False,300 0 0 100 1 3
1,3,lower,DrvPylon,309.0,309.0,-4.5,0.0,9.0,False,False,309 0 0 100 1 9
1,3,upper,DrvPylon,309.0,309.0,4.5,0.0,9.0,False,False,309 0 0 100 1 9
1,5,lower,DrvPylon,318.0,318.0,0.25,2.625,4.75,False,True,318 0 2.625 100 1 4.75
1,5,upper,DrvPylon,318.0,318.0,5.0,2.625,4.75,False,True,318 0 2.625 100 1 4.75
1,6,lower,DrvPylon,327.0,327.0,-4.5,0.0,9.0,False,False,327 0 0 100 1 9
1,6,upper,DrvPylon,327.0,327.0,4.5,0.0,9.0,False,False,327 0 0 100 1 9
1,7,lower,DrvPylon,336.0,336.0,-5.0,-2.625,4.75,False,True,336 0 -2.625 100 1 4.75
1,7,upper,DrvPylon,336.0,336.0,-0.25,-2.625,4.75,False,True,336 0 -2.625 100 1 4.75
1,8,lower,DrvPylon,345.0,345.0,-4.5,0.0,9.0,False,False,345 0 0 100 1 9
1,8,upper,DrvPylon,345.0,345.0,4.5,0.0,9.0,False,False,345 0 0 100 1 9
1,9,lower,DrvPylon,354.0,354.0,0.25,2.625,4.75,False,True,354 0 2.625 100 1 4.75
1,9,upper,DrvPylon,354.0,354.0,5.0,2.625,4.75,False,True,354 0 2.625 100 1 4.75
1,10,lower,DrvPylon,363.0,363.0,-4.5,0.0,9.0,False,False,363 0 0 100 1 9
1,10,upper,DrvPylon,363.0,363.0,4.5,0.0,9.0,False,False,363 0 0 100 1 9
1,11,lower,DrvPylon,372.0,372.0,-5.0,-2.625,4.75,False,True,372 0 -2.625 100 1 4.75
1,11,upper,DrvPylon,372.0,372.0,-0.25,-2.625,4.75,False,True,372 0 -2.625 100 1 4.75
1,12,lower,DrvPylon,381.0,381.0,-4.5,0.0,9.0,False,False,381 0 0 100 1 9
1,12,upper,DrvPylon,381.0,381.0,4.5,0.0,9.0,False,False,381 0 0 100 1 9
1,13,lower,DrvPylon,390.0,390.0,0.25,2.625,4.75,False,True,390 0 2.625 100 1 4.75
1,13,upper,DrvPylon,390.0,390.0,5.0,2.625,4.75,False,True,390 0 2.625 100 1 4.75
1,14,lower,DrvPylon,399.0,399.0,-4.5,0.0,9.0,False,False,399 0 0 100 1 9
1,14,upper,DrvPylon,399.0,399.0,4.5,0.0,9.0,False,False,399 0 0 100 1 9
1,15,lower,DrvPylon,408.0,408.0,-5.0,-2.625,4.75,False,True,408 0 -2.625 100 1 4.75
1,15,upper,DrvPylon,408.0,408.0,-0.25,-2.625,4.75,False,True,408 0 -2.625 100 1 4.75
1,16,lower,DrvPylon,417.0,417.0,-4.5,0.0,9.0,False,False,417 0 0 100 1 9
1,16,upper,DrvPylon,417.0,417.0,4.5,0.0,9.0,False,False,417 0 0 100 1 9
1,17,lower,DrvPylon,426.0,426.0,0.25,2.625,4.75,False,True,426 0 2.625 100 1 4.75
1,17,upper,DrvPylon,426.0,426.0,5.0,2.625,4.75,False,True,426 0 2.625 100 1 4.75
1,18,lower,DrvPylon,435.0,435.0,-4.5,0.0,9.0,False,False,435 0 0 100 1 9
1,18,upper,DrvPylon,435.0,435.0,4.5,0.0,9.0,False,False,435 0 0 100 1 9
1,19,lower,DrvPylon,444.0,444.0,-5.0,-2.625,4.75,False,True,444 0 -2.625 100 1 4.75
1,19,upper,DrvPylon,444.0,444.0,-0.25,-2.625,4.75,False,True,444 0 -2.625 100 1 4.75
1,20,lower,DrvPylon,453.0,453.0,-4.5,0.0,9.0,False,False,453 0 0 100 1 9
1,20,upper,DrvPylon,453.0,453.0,4.5,0.0,9.0,False,False,453 0 0 100 1 9
1,21,lower,DrvPylon,462.0,462.0,0.25,2.625,4.75,False,True,462 0 2.625 100 1 4.75
1,21,upper,DrvPylon,462.0,462.0,5.0,2.625,4.75,False,True,462 0 2.625 100 1 4.75
1,22,lower,DrvPylon,471.0,471.0,-4.5,0.0,9.0,False,False,471 0 0 100 1 9
1,22,upper,DrvPylon,471.0,471.0,4.5,0.0,9.0,False,False,471 0 0 100 1 9
1,23,lower,DrvPylon,480.0,480.0,-5.0,-2.625,4.75,False,True,480 0 -2.625 100 1 4.75
1,23,upper,DrvPylon,480.0,480.0,-0.25,-2.625,4.75,False,True,480 0 -2.625 100 1 4.75
1,24,lower,DrvPylon,489.0,489.0,-5.0,0.0,10.0,False,False,489 0 0 100 1 10
1,24,upper,DrvPylon,489.0,489.0,5.0,0.0,10.0,False,False,489 0 0 100 1 10
1,26,lower,DrvPylon,498.0,498.0,-2.5,0.0,5.0,False,False,498 0 0 100 1 5
1,26,upper,DrvPylon,498.0,498.0,2.5,0.0,5.0,False,False,498 0 0 100 1 5
1,27,lower,DrvPylon,503.0,503.0,-2.5,0.0,5.0,False,False,503 0 0 100 1 5
1,27,upper,DrvPylon,503.0,503.0,2.5,0.0,5.0,False,False,503 0 0 100 1 5
1,28,lower,DrvPylon,507.0,507.0,-2.5,0.0,5.0,False,False,507 0 0 100 1 5
1,28,upper,DrvPylon,507.0,507.0,2.5,0.0,5.0,False,False,507 0 0 100 1 5
1,29,lower,DrvPylon,550.0,550.0,-5.0,0.0,10.0,False,False,550 0 0 100 1 10
1,29,upper,DrvPylon,550.0,550.0,5.0,0.0,10.0,False,False,550 0 0 100 1 10
1,30,lower,DrvPylon,575.0,575.0,-5.0,0.0,10.0,False,False,575 0 0 100 1 10
1,30,upper,DrvPylon,575.0,575.0,5.0,0.0,10.0,False,False,575 0 0 100 1 10
1,31,lower,DrvPylon,595.0,595.0,-5.0,0.0,10.0,False,False,595 0 0 100 1 10
1,31,upper,DrvPylon,595.0,595.0,5.0,0.0,10.0,False,False,595 0 0 100 1 10
